Item name,Price,Quantity,Category,Image 1,Item id
Coca-Cola Original Taste 330g,0.99,21,Soft Drinks • Water • Shakes,https://images.sumup.com/img_coca-cola_original_t_330,550e8400-e29b-41d4-a716-446655400001
Coca-Cola Original Taste 500g,1.29,18,Soft Drinks • Water • Shakes,https://images.sumup.com/img_coca-cola_original_t_500,550e8400-e29b-41d4-a716-446655400002
Coca-Cola Original Taste 1000ml,1.99,20,Soft Drinks • Water • Shakes,https://images.sumup.com/img_coca-cola_original_t_1000,550e8400-e29b-41d4-a716-446655400003
Coca-Cola Original Taste 1500ml,2.49,20,Soft Drinks • Water • Shakes,https://images.sumup.com/img_coca-cola_original_t_1500,550e8400-e29b-41d4-a716-446655400004
Pepsi Max 330g,0.99,6,Soft Drinks • Water • Shakes,https://images.sumup.com/img_pepsi_max_330,550e8400-e29b-41d4-a716-446655400005
Pepsi Max 500g,1.29,18,Soft Drinks • Water • Shakes,https://images.sumup.com/img_pepsi_max_500,550e8400-e29b-41d4-a716-446655400006
Pepsi Max 1500ml,2.49,34,Soft Drinks • Water • Shakes,https://images.sumup.com/img_pepsi_max_1500,550e8400-e29b-41d4-a716-446655400007
Fanta Orange 330g,0.89,32,Soft Drinks • Water • Shakes,https://images.sumup.com/img_fanta_orange_330,550e8400-e29b-41d4-a716-446655400008
Fanta Orange 500g,1.19,16,Soft Drinks • Water • Shakes,https://images.sumup.com/img_fanta_orange_500,550e8400-e29b-41d4-a716-446655400009
Sprite Zero 330g,0.99,28,Soft Drinks • Water • Shakes,https://images.sumup.com/img_sprite_zero_330,550e8400-e29b-41d4-a716-446655400010
Sprite Zero 500g,1.29,28,Soft Drinks • Water • Shakes,https://images.sumup.com/img_sprite_zero_500,550e8400-e29b-41d4-a716-446655400011
Dr Pepper 330g,1.09,20,Soft Drinks • Water • Shakes,https://images.sumup.com/img_dr_pepper_330,550e8400-e29b-41d4-a716-446655400012
Dr Pepper 500g,1.39,0,Soft Drinks • Water • Shakes,https://images.sumup.com/img_dr_pepper_500,550e8400-e29b-41d4-a716-446655400013
7UP Lemon & Lime 330g,0.89,37,Soft Drinks • Water • Shakes,https://images.sumup.com/img_7up_lemon_&_lime_330,550e8400-e29b-41d4-a716-446655400014
7UP Lemon & Lime 500g,1.19,30,Soft Drinks • Water • Shakes,https://images.sumup.com/img_7up_lemon_&_lime_500,550e8400-e29b-41d4-a716-446655400015
Tango Orange 330g,0.95,12,Soft Drinks • Water • Shakes,https://images.sumup.com/img_tango_orange_330,550e8400-e29b-41d4-a716-446655400016
Rio Tropical 330g,1.05,42,Soft Drinks • Water • Shakes,https://images.sumup.com/img_rio_tropical_330,550e8400-e29b-41d4-a716-446655400017
Irn-Bru Original 330g,0.99,4,Soft Drinks • Water • Shakes,https://images.sumup.com/img_irn-bru_original_330,550e8400-e29b-41d4-a716-446655400018
Irn-Bru Original 500g,1.29,45,Soft Drinks • Water • Shakes,https://images.sumup.com/img_irn-bru_original_500,550e8400-e29b-41d4-a716-446655400019
Vimto Original 330g,0.89,19,Soft Drinks • Water • Shakes,https://images.sumup.com/img_vimto_original_330,550e8400-e29b-41d4-a716-446655400020
Vimto Original 500g,1.19,7,Soft Drinks • Water • Shakes,https://images.sumup.com/img_vimto_original_500,550e8400-e29b-41d4-a716-446655400021
Evian Natural Mineral Water 500g,0.99,19,Soft Drinks • Water • Shakes,https://images.sumup.com/img_evian_natural_minera_500,550e8400-e29b-41d4-a716-446655400022
Evian Natural Mineral Water 750g,1.19,18,Soft Drinks • Water • Shakes,https://images.sumup.com/img_evian_natural_minera_750,550e8400-e29b-41d4-a716-446655400023
Evian Natural Mineral Water 1000ml,1.39,18,Soft Drinks • Water • Shakes,https://images.sumup.com/img_evian_natural_minera_1000,550e8400-e29b-41d4-a716-446655400024
Evian Natural Mineral Water 1500ml,1.79,12,Soft Drinks • Water • Shakes,https://images.sumup.com/img_evian_natural_minera_1500,550e8400-e29b-41d4-a716-446655400025
Volvic Touch of Fruit 500g,1.09,45,Soft Drinks • Water • Shakes,https://images.sumup.com/img_volvic_touch_of_frui_500,550e8400-e29b-41d4-a716-446655400026
Volvic Touch of Fruit 1500ml,1.99,13,Soft Drinks • Water • Shakes,https://images.sumup.com/img_volvic_touch_of_frui_1500,550e8400-e29b-41d4-a716-446655400027
Highland Spring Water 500g,0.89,44,Soft Drinks • Water • Shakes,https://images.sumup.com/img_highland_spring_wate_500,550e8400-e29b-41d4-a716-446655400028
Highland Spring Water 1500ml,1.69,30,Soft Drinks • Water • Shakes,https://images.sumup.com/img_highland_spring_wate_1500,550e8400-e29b-41d4-a716-446655400029
San Pellegrino Sparkling 330g,1.29,14,Soft Drinks • Water • Shakes,https://images.sumup.com/img_san_pellegrino_spark_330,550e8400-e29b-41d4-a716-446655400030
San Pellegrino Sparkling 500g,1.79,47,Soft Drinks • Water • Shakes,https://images.sumup.com/img_san_pellegrino_spark_500,550e8400-e29b-41d4-a716-446655400031
Perrier Sparkling Water 330g,1.19,2,Soft Drinks • Water • Shakes,https://images.sumup.com/img_perrier_sparkling_wa_330,550e8400-e29b-41d4-a716-446655400032
Perrier Sparkling Water 750g,2.29,42,Soft Drinks • Water • Shakes,https://images.sumup.com/img_perrier_sparkling_wa_750,550e8400-e29b-41d4-a716-446655400033
Monster Energy Original 500g,1.89,11,Energy Drinks,https://images.sumup.com/img_monster_energy_origi_500,550e8400-e29b-41d4-a716-446655400034
Monster Energy Ultra 500g,1.89,27,Energy Drinks,https://images.sumup.com/img_monster_energy_ultra_500,550e8400-e29b-41d4-a716-446655400035
Red Bull Energy Drink 250g,1.69,35,Energy Drinks,https://images.sumup.com/img_red_bull_energy_drin_250,550e8400-e29b-41d4-a716-446655400036
Red Bull Energy Drink 355g,2.29,20,Energy Drinks,https://images.sumup.com/img_red_bull_energy_drin_355,550e8400-e29b-41d4-a716-446655400037
Red Bull Energy Drink 473g,2.99,30,Energy Drinks,https://images.sumup.com/img_red_bull_energy_drin_473,550e8400-e29b-41d4-a716-446655400038
Red Bull Sugar Free 250g,1.69,19,Energy Drinks,https://images.sumup.com/img_red_bull_sugar_free_250,550e8400-e29b-41d4-a716-446655400039
Red Bull Sugar Free 355g,2.29,22,Energy Drinks,https://images.sumup.com/img_red_bull_sugar_free_355,550e8400-e29b-41d4-a716-446655400040
Lucozade Energy Original 380g,1.39,4,Energy Drinks,https://images.sumup.com/img_lucozade_energy_orig_380,550e8400-e29b-41d4-a716-446655400041
Lucozade Energy Original 500g,1.69,25,Energy Drinks,https://images.sumup.com/img_lucozade_energy_orig_500,550e8400-e29b-41d4-a716-446655400042
Lucozade Sport Orange 500g,1.49,42,Energy Drinks,https://images.sumup.com/img_lucozade_sport_orang_500,550e8400-e29b-41d4-a716-446655400043
Relentless Origin 500g,1.79,50,Energy Drinks,https://images.sumup.com/img_relentless_origin_500,550e8400-e29b-41d4-a716-446655400044
Rockstar Energy 500g,1.69,17,Energy Drinks,https://images.sumup.com/img_rockstar_energy_500,550e8400-e29b-41d4-a716-446655400045
Cadbury Dairy Milk 45g,0.79,40,Chocolate • Sweets • Treats,https://images.sumup.com/img_cadbury_dairy_milk_45,550e8400-e29b-41d4-a716-446655400046
Cadbury Dairy Milk 110g,1.99,15,Chocolate • Sweets • Treats,https://images.sumup.com/img_cadbury_dairy_milk_110,550e8400-e29b-41d4-a716-446655400047
Cadbury Dairy Milk 180g,3.49,37,Chocolate • Sweets • Treats,https://images.sumup.com/img_cadbury_dairy_milk_180,550e8400-e29b-41d4-a716-446655400048
Cadbury Dairy Milk 360g,6.99,28,Chocolate • Sweets • Treats,https://images.sumup.com/img_cadbury_dairy_milk_360,550e8400-e29b-41d4-a716-446655400049
Galaxy Smooth Milk 42g,0.75,46,Chocolate • Sweets • Treats,https://images.sumup.com/img_galaxy_smooth_milk_42,550e8400-e29b-41d4-a716-446655400050
Galaxy Smooth Milk 110g,1.99,30,Chocolate • Sweets • Treats,https://images.sumup.com/img_galaxy_smooth_milk_110,550e8400-e29b-41d4-a716-446655400051
Galaxy Smooth Milk 200g,3.49,16,Chocolate • Sweets • Treats,https://images.sumup.com/img_galaxy_smooth_milk_200,550e8400-e29b-41d4-a716-446655400052
Galaxy Smooth Milk 390g,6.99,14,Chocolate • Sweets • Treats,https://images.sumup.com/img_galaxy_smooth_milk_390,550e8400-e29b-41d4-a716-446655400053
Mars Bar 51g,0.79,19,Chocolate • Sweets • Treats,https://images.sumup.com/img_mars_bar_51,550e8400-e29b-41d4-a716-446655400054
Snickers Bar 48g,0.79,39,Chocolate • Sweets • Treats,https://images.sumup.com/img_snickers_bar_48,550e8400-e29b-41d4-a716-446655400055
Snickers Bar 75g,1.29,26,Chocolate • Sweets • Treats,https://images.sumup.com/img_snickers_bar_75,550e8400-e29b-41d4-a716-446655400056
Twix Twin Bar 50g,0.79,6,Chocolate • Sweets • Treats,https://images.sumup.com/img_twix_twin_bar_50,550e8400-e29b-41d4-a716-446655400057
Twix Twin Bar 75g,1.29,42,Chocolate • Sweets • Treats,https://images.sumup.com/img_twix_twin_bar_75,550e8400-e29b-41d4-a716-446655400058
Kit Kat 4 Finger 41.5g,0.69,31,Chocolate • Sweets • Treats,https://images.sumup.com/img_kit_kat_4_finger_41.5,550e8400-e29b-41d4-a716-446655400059
Kit Kat 4 Finger 112g,1.99,43,Chocolate • Sweets • Treats,https://images.sumup.com/img_kit_kat_4_finger_112,550e8400-e29b-41d4-a716-446655400060
Milkybar White Chocolate 25g,0.59,35,Chocolate • Sweets • Treats,https://images.sumup.com/img_milkybar_white_choco_25,550e8400-e29b-41d4-a716-446655400061
Milkybar White Chocolate 100g,1.99,28,Chocolate • Sweets • Treats,https://images.sumup.com/img_milkybar_white_choco_100,550e8400-e29b-41d4-a716-446655400062
Kinder Bueno 43g,0.89,31,Chocolate • Sweets • Treats,https://images.sumup.com/img_kinder_bueno_43,550e8400-e29b-41d4-a716-446655400063
Kinder Bueno 86g,1.79,43,Chocolate • Sweets • Treats,https://images.sumup.com/img_kinder_bueno_86,550e8400-e29b-41d4-a716-446655400064
M&M's Peanut 45g,0.99,29,Chocolate • Sweets • Treats,https://images.sumup.com/img_m&ms_peanut_45,550e8400-e29b-41d4-a716-446655400065
M&M's Peanut 90g,1.79,39,Chocolate • Sweets • Treats,https://images.sumup.com/img_m&ms_peanut_90,550e8400-e29b-41d4-a716-446655400066
M&M's Peanut 165g,2.99,5,Chocolate • Sweets • Treats,https://images.sumup.com/img_m&ms_peanut_165,550e8400-e29b-41d4-a716-446655400067
M&M's Chocolate 45g,0.99,22,Chocolate • Sweets • Treats,https://images.sumup.com/img_m&ms_chocolate_45,550e8400-e29b-41d4-a716-446655400068
M&M's Chocolate 90g,1.79,20,Chocolate • Sweets • Treats,https://images.sumup.com/img_m&ms_chocolate_90,550e8400-e29b-41d4-a716-446655400069
Quality Street 265g,3.99,42,Chocolate • Sweets • Treats,https://images.sumup.com/img_quality_street_265,550e8400-e29b-41d4-a716-446655400070
Quality Street 650g,8.99,21,Chocolate • Sweets • Treats,https://images.sumup.com/img_quality_street_650,550e8400-e29b-41d4-a716-446655400071
Celebrations 300g,4.99,2,Chocolate • Sweets • Treats,https://images.sumup.com/img_celebrations_300,550e8400-e29b-41d4-a716-446655400072
Celebrations 600g,9.99,21,Chocolate • Sweets • Treats,https://images.sumup.com/img_celebrations_600,550e8400-e29b-41d4-a716-446655400073
Heroes 290g,4.99,40,Chocolate • Sweets • Treats,https://images.sumup.com/img_heroes_290,550e8400-e29b-41d4-a716-446655400074
Heroes 600g,9.99,45,Chocolate • Sweets • Treats,https://images.sumup.com/img_heroes_600,550e8400-e29b-41d4-a716-446655400075
Roses 290g,4.99,10,Chocolate • Sweets • Treats,https://images.sumup.com/img_roses_290,550e8400-e29b-41d4-a716-446655400076
Roses 600g,9.99,6,Chocolate • Sweets • Treats,https://images.sumup.com/img_roses_600,550e8400-e29b-41d4-a716-446655400077
Haribo Starmix 140g,1.19,23,Chocolate • Sweets • Treats,https://images.sumup.com/img_haribo_starmix_140,550e8400-e29b-41d4-a716-446655400078
Walkers Ready Salted 32.5g,0.59,37,Crisps • Snacks,https://images.sumup.com/img_walkers_ready_salted_32.5,550e8400-e29b-41d4-a716-446655400079
Walkers Ready Salted 65g,1.09,26,Crisps • Snacks,https://images.sumup.com/img_walkers_ready_salted_65,550e8400-e29b-41d4-a716-446655400080
Walkers Ready Salted 150g,2.49,46,Crisps • Snacks,https://images.sumup.com/img_walkers_ready_salted_150,550e8400-e29b-41d4-a716-446655400081
Walkers Cheese & Onion 32.5g,0.59,7,Crisps • Snacks,https://images.sumup.com/img_walkers_cheese_&_oni_32.5,550e8400-e29b-41d4-a716-446655400082
Walkers Cheese & Onion 65g,1.09,6,Crisps • Snacks,https://images.sumup.com/img_walkers_cheese_&_oni_65,550e8400-e29b-41d4-a716-446655400083
Walkers Cheese & Onion 150g,2.49,26,Crisps • Snacks,https://images.sumup.com/img_walkers_cheese_&_oni_150,550e8400-e29b-41d4-a716-446655400084
Walkers Salt & Vinegar 32.5g,0.59,11,Crisps • Snacks,https://images.sumup.com/img_walkers_salt_&_vineg_32.5,550e8400-e29b-41d4-a716-446655400085
Walkers Salt & Vinegar 65g,1.09,31,Crisps • Snacks,https://images.sumup.com/img_walkers_salt_&_vineg_65,550e8400-e29b-41d4-a716-446655400086
Walkers Salt & Vinegar 150g,2.49,11,Crisps • Snacks,https://images.sumup.com/img_walkers_salt_&_vineg_150,550e8400-e29b-41d4-a716-446655400087
Pringles Original 165g,2.29,7,Crisps • Snacks,https://images.sumup.com/img_pringles_original_165,550e8400-e29b-41d4-a716-446655400088
Pringles Original 200g,2.79,9,Crisps • Snacks,https://images.sumup.com/img_pringles_original_200,550e8400-e29b-41d4-a716-446655400089
Pringles Sour Cream 165g,2.29,18,Crisps • Snacks,https://images.sumup.com/img_pringles_sour_cream_165,550e8400-e29b-41d4-a716-446655400090
Pringles Sour Cream 200g,2.79,6,Crisps • Snacks,https://images.sumup.com/img_pringles_sour_cream_200,550e8400-e29b-41d4-a716-446655400091
Doritos Cool Original 150g,1.89,23,Crisps • Snacks,https://images.sumup.com/img_doritos_cool_origina_150,550e8400-e29b-41d4-a716-446655400092
Doritos Cool Original 180g,2.49,3,Crisps • Snacks,https://images.sumup.com/img_doritos_cool_origina_180,550e8400-e29b-41d4-a716-446655400093
Doritos Tangy Cheese 150g,1.89,37,Crisps • Snacks,https://images.sumup.com/img_doritos_tangy_cheese_150,550e8400-e29b-41d4-a716-446655400094
Doritos Tangy Cheese 180g,2.49,29,Crisps • Snacks,https://images.sumup.com/img_doritos_tangy_cheese_180,550e8400-e29b-41d4-a716-446655400095
Cheetos Twisted 85g,1.39,8,Crisps • Snacks,https://images.sumup.com/img_cheetos_twisted_85,550e8400-e29b-41d4-a716-446655400096
Kettle Chips Sea Salt 150g,2.19,44,Crisps • Snacks,https://images.sumup.com/img_kettle_chips_sea_sal_150,550e8400-e29b-41d4-a716-446655400097
Kettle Chips Mature Cheddar 150g,2.19,6,Crisps • Snacks,https://images.sumup.com/img_kettle_chips_mature__150,550e8400-e29b-41d4-a716-446655400098
McCoy's Salt & Malt Vinegar 85g,1.49,49,Crisps • Snacks,https://images.sumup.com/img_mccoys_salt_&_malt_v_85,550e8400-e29b-41d4-a716-446655400099
Tyrrells Sea Salt 150g,2.49,28,Crisps • Snacks,https://images.sumup.com/img_tyrrells_sea_salt_150,550e8400-e29b-41d4-a716-446655400100
19 Crimes Chardonnay White Wine 750g,11.29,30,Wines,https://images.sumup.com/img_19_crimes_chardonnay_750,550e8400-e29b-41d4-a716-446655400101
19 Crimes Red Blend 750g,11.29,6,Wines,https://images.sumup.com/img_19_crimes_red_blend_750,550e8400-e29b-41d4-a716-446655400102
Yellowtail Shiraz 750g,8.99,34,Wines,https://images.sumup.com/img_yellowtail_shiraz_750,550e8400-e29b-41d4-a716-446655400103
Yellowtail Chardonnay 750g,8.99,43,Wines,https://images.sumup.com/img_yellowtail_chardonna_750,550e8400-e29b-41d4-a716-446655400104
Barefoot Merlot 750g,7.99,17,Wines,https://images.sumup.com/img_barefoot_merlot_750,550e8400-e29b-41d4-a716-446655400105
Barefoot Pinot Grigio 750g,7.99,27,Wines,https://images.sumup.com/img_barefoot_pinot_grigi_750,550e8400-e29b-41d4-a716-446655400106
Hardy's VR Shiraz 750g,6.99,43,Wines,https://images.sumup.com/img_hardys_vr_shiraz_750,550e8400-e29b-41d4-a716-446655400107
Blossom Hill White 750g,5.99,20,Wines,https://images.sumup.com/img_blossom_hill_white_750,550e8400-e29b-41d4-a716-446655400108
Echo Falls White Zinfandel 750g,6.49,39,Wines,https://images.sumup.com/img_echo_falls_white_zin_750,550e8400-e29b-41d4-a716-446655400109
Lambrini Original 750g,3.99,35,Wines,https://images.sumup.com/img_lambrini_original_750,550e8400-e29b-41d4-a716-446655400110
Stella Artois Lager 440g,1.89,4,Beers,https://images.sumup.com/img_stella_artois_lager_440,550e8400-e29b-41d4-a716-446655400111
Stella Artois Lager 660g,2.99,30,Beers,https://images.sumup.com/img_stella_artois_lager_660,550e8400-e29b-41d4-a716-446655400112
Budweiser Lager 440g,1.69,40,Beers,https://images.sumup.com/img_budweiser_lager_440,550e8400-e29b-41d4-a716-446655400113
Budweiser Lager 660g,2.79,10,Beers,https://images.sumup.com/img_budweiser_lager_660,550e8400-e29b-41d4-a716-446655400114
Guinness Draught 440g,2.19,40,Beers,https://images.sumup.com/img_guinness_draught_440,550e8400-e29b-41d4-a716-446655400115
Guinness Draught 500g,2.59,28,Beers,https://images.sumup.com/img_guinness_draught_500,550e8400-e29b-41d4-a716-446655400116
Heineken Lager 440g,1.99,4,Beers,https://images.sumup.com/img_heineken_lager_440,550e8400-e29b-41d4-a716-446655400117
Heineken Lager 650g,2.89,3,Beers,https://images.sumup.com/img_heineken_lager_650,550e8400-e29b-41d4-a716-446655400118
Corona Extra 330g,1.99,47,Beers,https://images.sumup.com/img_corona_extra_330,550e8400-e29b-41d4-a716-446655400119
Corona Extra 355g,2.19,8,Beers,https://images.sumup.com/img_corona_extra_355,550e8400-e29b-41d4-a716-446655400120
Carlsberg Pilsner 440g,1.79,26,Beers,https://images.sumup.com/img_carlsberg_pilsner_440,550e8400-e29b-41d4-a716-446655400121
Carlsberg Pilsner 568g,2.49,13,Beers,https://images.sumup.com/img_carlsberg_pilsner_568,550e8400-e29b-41d4-a716-446655400122
Peroni Nastro Azzurro 330g,1.99,9,Beers,https://images.sumup.com/img_peroni_nastro_azzurr_330,550e8400-e29b-41d4-a716-446655400123
Peroni Nastro Azzurro 660g,3.49,11,Beers,https://images.sumup.com/img_peroni_nastro_azzurr_660,550e8400-e29b-41d4-a716-446655400124
San Miguel Lager 330g,1.89,3,Beers,https://images.sumup.com/img_san_miguel_lager_330,550e8400-e29b-41d4-a716-446655400125
San Miguel Lager 660g,3.29,21,Beers,https://images.sumup.com/img_san_miguel_lager_660,550e8400-e29b-41d4-a716-446655400126
Desperados Tequila Beer 330g,1.99,20,Beers,https://images.sumup.com/img_desperados_tequila_b_330,550e8400-e29b-41d4-a716-446655400127
Desperados Tequila Beer 650g,3.49,25,Beers,https://images.sumup.com/img_desperados_tequila_b_650,550e8400-e29b-41d4-a716-446655400128
Old Speckled Hen 500g,2.29,11,Beers,https://images.sumup.com/img_old_speckled_hen_500,550e8400-e29b-41d4-a716-446655400129
Jack Daniels Tennessee Whiskey 700g,25.99,14,Spirits,https://images.sumup.com/img_jack_daniels_tenness_700,550e8400-e29b-41d4-a716-446655400130
Smirnoff Vodka 350g,13.99,3,Spirits,https://images.sumup.com/img_smirnoff_vodka_350,550e8400-e29b-41d4-a716-446655400131
Smirnoff Vodka 700g,18.99,37,Spirits,https://images.sumup.com/img_smirnoff_vodka_700,550e8400-e29b-41d4-a716-446655400132
Gordon's London Dry Gin 350g,11.99,11,Spirits,https://images.sumup.com/img_gordons_london_dry_g_350,550e8400-e29b-41d4-a716-446655400133
Gordon's London Dry Gin 700g,16.99,24,Spirits,https://images.sumup.com/img_gordons_london_dry_g_700,550e8400-e29b-41d4-a716-446655400134
Bacardi Carta Blanca Rum 350g,11.99,10,Spirits,https://images.sumup.com/img_bacardi_carta_blanca_350,550e8400-e29b-41d4-a716-446655400135
Bacardi Carta Blanca Rum 700g,17.49,46,Spirits,https://images.sumup.com/img_bacardi_carta_blanca_700,550e8400-e29b-41d4-a716-446655400136
Captain Morgan Spiced Gold Rum 350g,11.99,4,Spirits,https://images.sumup.com/img_captain_morgan_spice_350,550e8400-e29b-41d4-a716-446655400137
Captain Morgan Spiced Gold Rum 700g,16.99,6,Spirits,https://images.sumup.com/img_captain_morgan_spice_700,550e8400-e29b-41d4-a716-446655400138
Jameson Irish Whiskey 350g,15.99,17,Spirits,https://images.sumup.com/img_jameson_irish_whiske_350,550e8400-e29b-41d4-a716-446655400139
Jameson Irish Whiskey 700g,24.99,34,Spirits,https://images.sumup.com/img_jameson_irish_whiske_700,550e8400-e29b-41d4-a716-446655400140
Famous Grouse Scotch Whisky 700g,19.99,34,Spirits,https://images.sumup.com/img_famous_grouse_scotch_700,550e8400-e29b-41d4-a716-446655400141
Bells Original Whisky 700g,18.99,31,Spirits,https://images.sumup.com/img_bells_original_whisk_700,550e8400-e29b-41d4-a716-446655400142
Glenfiddich 12 Year Old 700g,34.99,6,Spirits,https://images.sumup.com/img_glenfiddich_12_year__700,550e8400-e29b-41d4-a716-446655400143
Absolut Vodka 700g,19.99,50,Spirits,https://images.sumup.com/img_absolut_vodka_700,550e8400-e29b-41d4-a716-446655400144
Baileys Original Irish Cream 350g,9.99,21,Liqueurs,https://images.sumup.com/img_baileys_original_iri_350,550e8400-e29b-41d4-a716-446655400145
Baileys Original Irish Cream 700g,15.99,8,Liqueurs,https://images.sumup.com/img_baileys_original_iri_700,550e8400-e29b-41d4-a716-446655400146
Baileys Strawberries & Cream 700g,15.99,41,Liqueurs,https://images.sumup.com/img_baileys_strawberries_700,550e8400-e29b-41d4-a716-446655400147
Malibu Caribbean Rum 700g,15.99,8,Liqueurs,https://images.sumup.com/img_malibu_caribbean_rum_700,550e8400-e29b-41d4-a716-446655400148
Disaronno Amaretto 700g,19.99,8,Liqueurs,https://images.sumup.com/img_disaronno_amaretto_700,550e8400-e29b-41d4-a716-446655400149
Jagermeister 350g,12.99,23,Liqueurs,https://images.sumup.com/img_jagermeister_350,550e8400-e29b-41d4-a716-446655400150
Jagermeister 700g,21.99,20,Liqueurs,https://images.sumup.com/img_jagermeister_700,550e8400-e29b-41d4-a716-446655400151
Kahlua Coffee Liqueur 700g,16.99,49,Liqueurs,https://images.sumup.com/img_kahlua_coffee_liqueu_700,550e8400-e29b-41d4-a716-446655400152
Tia Maria Coffee Liqueur 700g,15.99,19,Liqueurs,https://images.sumup.com/img_tia_maria_coffee_liq_700,550e8400-e29b-41d4-a716-446655400153
Nescafe Gold Blend 100g,5.99,11,Coffee • Tea,https://images.sumup.com/img_nescafe_gold_blend_100,550e8400-e29b-41d4-a716-446655400154
Nescafe Gold Blend 200g,9.99,23,Coffee • Tea,https://images.sumup.com/img_nescafe_gold_blend_200,550e8400-e29b-41d4-a716-446655400155
Nescafe Original 100g,4.99,2,Coffee • Tea,https://images.sumup.com/img_nescafe_original_100,550e8400-e29b-41d4-a716-446655400156
Nescafe Original 200g,8.99,36,Coffee • Tea,https://images.sumup.com/img_nescafe_original_200,550e8400-e29b-41d4-a716-446655400157
Douwe Egberts Pure Gold 95g,5.49,46,Coffee • Tea,https://images.sumup.com/img_douwe_egberts_pure_g_95,550e8400-e29b-41d4-a716-446655400158
Douwe Egberts Pure Gold 190g,9.49,37,Coffee • Tea,https://images.sumup.com/img_douwe_egberts_pure_g_190,550e8400-e29b-41d4-a716-446655400159
Kenco Smooth 100g,5.99,29,Coffee • Tea,https://images.sumup.com/img_kenco_smooth_100,550e8400-e29b-41d4-a716-446655400160
Kenco Smooth 200g,9.99,50,Coffee • Tea,https://images.sumup.com/img_kenco_smooth_200,550e8400-e29b-41d4-a716-446655400161
Nestle Coffee Mate 400g,3.99,38,Coffee • Tea,https://images.sumup.com/img_nestle_coffee_mate_400,550e8400-e29b-41d4-a716-446655400162
Nestle Coffee Mate 500g,4.99,34,Coffee • Tea,https://images.sumup.com/img_nestle_coffee_mate_500,550e8400-e29b-41d4-a716-446655400163
PG Tips Tea Bags 80g,2.99,41,Coffee • Tea,https://images.sumup.com/img_pg_tips_tea_bags_80,550e8400-e29b-41d4-a716-446655400164
PG Tips Tea Bags 160g,4.99,48,Coffee • Tea,https://images.sumup.com/img_pg_tips_tea_bags_160,550e8400-e29b-41d4-a716-446655400165
PG Tips Tea Bags 240g,6.99,19,Coffee • Tea,https://images.sumup.com/img_pg_tips_tea_bags_240,550e8400-e29b-41d4-a716-446655400166
Tetley Tea Bags 80g,2.79,1,Coffee • Tea,https://images.sumup.com/img_tetley_tea_bags_80,550e8400-e29b-41d4-a716-446655400167
Tetley Tea Bags 160g,4.79,17,Coffee • Tea,https://images.sumup.com/img_tetley_tea_bags_160,550e8400-e29b-41d4-a716-446655400168
Tetley Tea Bags 240g,6.79,18,Coffee • Tea,https://images.sumup.com/img_tetley_tea_bags_240,550e8400-e29b-41d4-a716-446655400169
Yorkshire Tea Bags 80g,2.99,31,Coffee • Tea,https://images.sumup.com/img_yorkshire_tea_bags_80,550e8400-e29b-41d4-a716-446655400170
Yorkshire Tea Bags 160g,4.99,1,Coffee • Tea,https://images.sumup.com/img_yorkshire_tea_bags_160,550e8400-e29b-41d4-a716-446655400171
Yorkshire Tea Bags 240g,6.99,17,Coffee • Tea,https://images.sumup.com/img_yorkshire_tea_bags_240,550e8400-e29b-41d4-a716-446655400172
Twinings English Breakfast 80g,3.49,1,Coffee • Tea,https://images.sumup.com/img_twinings_english_bre_80,550e8400-e29b-41d4-a716-446655400173
Twinings English Breakfast 200g,6.99,16,Coffee • Tea,https://images.sumup.com/img_twinings_english_bre_200,550e8400-e29b-41d4-a716-446655400174
Kellogg's Corn Flakes 500g,3.29,23,Breakfast Cereals,https://images.sumup.com/img_kelloggs_corn_flakes_500,550e8400-e29b-41d4-a716-446655400175
Kellogg's Corn Flakes 750g,4.49,13,Breakfast Cereals,https://images.sumup.com/img_kelloggs_corn_flakes_750,550e8400-e29b-41d4-a716-446655400176
Kellogg's Coco Pops 480g,3.49,3,Breakfast Cereals,https://images.sumup.com/img_kelloggs_coco_pops_480,550e8400-e29b-41d4-a716-446655400177
Kellogg's Coco Pops 720g,4.99,34,Breakfast Cereals,https://images.sumup.com/img_kelloggs_coco_pops_720,550e8400-e29b-41d4-a716-446655400178
Kellogg's Frosties 500g,3.49,47,Breakfast Cereals,https://images.sumup.com/img_kelloggs_frosties_500,550e8400-e29b-41d4-a716-446655400179
Kellogg's Frosties 750g,4.99,12,Breakfast Cereals,https://images.sumup.com/img_kelloggs_frosties_750,550e8400-e29b-41d4-a716-446655400180
Kellogg's Special K 500g,3.99,29,Breakfast Cereals,https://images.sumup.com/img_kelloggs_special_k_500,550e8400-e29b-41d4-a716-446655400181
Kellogg's Special K 550g,4.99,30,Breakfast Cereals,https://images.sumup.com/img_kelloggs_special_k_550,550e8400-e29b-41d4-a716-446655400182
Nestle Cheerios 375g,2.99,2,Breakfast Cereals,https://images.sumup.com/img_nestle_cheerios_375,550e8400-e29b-41d4-a716-446655400183
Nestle Cheerios 600g,4.49,31,Breakfast Cereals,https://images.sumup.com/img_nestle_cheerios_600,550e8400-e29b-41d4-a716-446655400184
Nestle Shreddies 415g,2.99,14,Breakfast Cereals,https://images.sumup.com/img_nestle_shreddies_415,550e8400-e29b-41d4-a716-446655400185
Nestle Shreddies 675g,4.49,2,Breakfast Cereals,https://images.sumup.com/img_nestle_shreddies_675,550e8400-e29b-41d4-a716-446655400186
Weetabix Original 24g,2.49,6,Breakfast Cereals,https://images.sumup.com/img_weetabix_original_24,550e8400-e29b-41d4-a716-446655400187
Weetabix Original 48g,3.99,5,Breakfast Cereals,https://images.sumup.com/img_weetabix_original_48,550e8400-e29b-41d4-a716-446655400188
Weetabix Original 72g,5.49,23,Breakfast Cereals,https://images.sumup.com/img_weetabix_original_72,550e8400-e29b-41d4-a716-446655400189
Quaker Oats So Simple 324g,2.99,0,Breakfast Cereals,https://images.sumup.com/img_quaker_oats_so_simpl_324,550e8400-e29b-41d4-a716-446655400190
Quaker Oats So Simple 432g,3.99,29,Breakfast Cereals,https://images.sumup.com/img_quaker_oats_so_simpl_432,550e8400-e29b-41d4-a716-446655400191
McVitie's Digestives 300g,1.49,14,Biscuits • Cookies,https://images.sumup.com/img_mcvities_digestives_300,550e8400-e29b-41d4-a716-446655400192
McVitie's Digestives 400g,1.99,30,Biscuits • Cookies,https://images.sumup.com/img_mcvities_digestives_400,550e8400-e29b-41d4-a716-446655400193
McVitie's Digestives 500g,2.49,29,Biscuits • Cookies,https://images.sumup.com/img_mcvities_digestives_500,550e8400-e29b-41d4-a716-446655400194
McVitie's Chocolate Digestives 266g,1.79,4,Biscuits • Cookies,https://images.sumup.com/img_mcvities_chocolate_d_266,550e8400-e29b-41d4-a716-446655400195
McVitie's Chocolate Digestives 433g,2.79,37,Biscuits • Cookies,https://images.sumup.com/img_mcvities_chocolate_d_433,550e8400-e29b-41d4-a716-446655400196
McVitie's Hobnobs 300g,1.49,35,Biscuits • Cookies,https://images.sumup.com/img_mcvities_hobnobs_300,550e8400-e29b-41d4-a716-446655400197
McVitie's Hobnobs 500g,2.49,34,Biscuits • Cookies,https://images.sumup.com/img_mcvities_hobnobs_500,550e8400-e29b-41d4-a716-446655400198
Oreo Original 154g,1.29,4,Biscuits • Cookies,https://images.sumup.com/img_oreo_original_154,550e8400-e29b-41d4-a716-446655400199
Oreo Original 220g,1.79,33,Biscuits • Cookies,https://images.sumup.com/img_oreo_original_220,550e8400-e29b-41d4-a716-446655400200
Oreo Original 330g,2.79,30,Biscuits • Cookies,https://images.sumup.com/img_oreo_original_330,550e8400-e29b-41d4-a716-446655400201
Jaffa Cakes 110g,0.99,43,Biscuits • Cookies,https://images.sumup.com/img_jaffa_cakes_110,550e8400-e29b-41d4-a716-446655400202
Jaffa Cakes 122g,1.19,29,Biscuits • Cookies,https://images.sumup.com/img_jaffa_cakes_122,550e8400-e29b-41d4-a716-446655400203
Jaffa Cakes 300g,2.49,9,Biscuits • Cookies,https://images.sumup.com/img_jaffa_cakes_300,550e8400-e29b-41d4-a716-446655400204
Maryland Cookies 145g,1.29,8,Biscuits • Cookies,https://images.sumup.com/img_maryland_cookies_145,550e8400-e29b-41d4-a716-446655400205
Maryland Cookies 200g,1.79,16,Biscuits • Cookies,https://images.sumup.com/img_maryland_cookies_200,550e8400-e29b-41d4-a716-446655400206
Fox's Golden Crunch 200g,1.49,1,Biscuits • Cookies,https://images.sumup.com/img_foxs_golden_crunch_200,550e8400-e29b-41d4-a716-446655400207
Jammie Dodgers 140g,1.29,11,Biscuits • Cookies,https://images.sumup.com/img_jammie_dodgers_140,550e8400-e29b-41d4-a716-446655400208
Warburtons Medium Sliced Bread 400g,0.99,15,Bakery • Bread,https://images.sumup.com/img_warburtons_medium_sl_400,550e8400-e29b-41d4-a716-446655400209
Warburtons Medium Sliced Bread 800g,1.29,3,Bakery • Bread,https://images.sumup.com/img_warburtons_medium_sl_800,550e8400-e29b-41d4-a716-446655400210
Warburtons Toastie Bread 800g,1.39,32,Bakery • Bread,https://images.sumup.com/img_warburtons_toastie_b_800,550e8400-e29b-41d4-a716-446655400211
Hovis Wholemeal Bread 800g,1.39,31,Bakery • Bread,https://images.sumup.com/img_hovis_wholemeal_brea_800,550e8400-e29b-41d4-a716-446655400212
Hovis Soft White Bread 800g,1.29,35,Bakery • Bread,https://images.sumup.com/img_hovis_soft_white_bre_800,550e8400-e29b-41d4-a716-446655400213
Kingsmill Soft White Bread 800g,1.19,50,Bakery • Bread,https://images.sumup.com/img_kingsmill_soft_white_800,550e8400-e29b-41d4-a716-446655400214
Kingsmill 50/50 Bread 800g,1.29,49,Bakery • Bread,https://images.sumup.com/img_kingsmill_50/50_brea_800,550e8400-e29b-41d4-a716-446655400215
Warburtons Crumpets 6g,0.99,40,Bakery • Bread,https://images.sumup.com/img_warburtons_crumpets_6,550e8400-e29b-41d4-a716-446655400216
Warburtons Crumpets 8g,1.29,7,Bakery • Bread,https://images.sumup.com/img_warburtons_crumpets_8,550e8400-e29b-41d4-a716-446655400217
Warburtons Teacakes 6g,1.09,13,Bakery • Bread,https://images.sumup.com/img_warburtons_teacakes_6,550e8400-e29b-41d4-a716-446655400218
Cathedral City Mature Cheddar 200g,3.29,13,Cheese • Dairy,https://images.sumup.com/img_cathedral_city_matur_200,550e8400-e29b-41d4-a716-446655400219
Cathedral City Mature Cheddar 350g,4.99,2,Cheese • Dairy,https://images.sumup.com/img_cathedral_city_matur_350,550e8400-e29b-41d4-a716-446655400220
Cathedral City Mature Cheddar 550g,7.49,45,Cheese • Dairy,https://images.sumup.com/img_cathedral_city_matur_550,550e8400-e29b-41d4-a716-446655400221
Philadelphia Soft Cheese 180g,2.29,27,Cheese • Dairy,https://images.sumup.com/img_philadelphia_soft_ch_180,550e8400-e29b-41d4-a716-446655400222
Philadelphia Soft Cheese 280g,3.29,4,Cheese • Dairy,https://images.sumup.com/img_philadelphia_soft_ch_280,550e8400-e29b-41d4-a716-446655400223
Muller Corner Vanilla 135g,0.75,20,Cheese • Dairy,https://images.sumup.com/img_muller_corner_vanill_135,550e8400-e29b-41d4-a716-446655400224
Muller Corner Strawberry 135g,0.75,24,Cheese • Dairy,https://images.sumup.com/img_muller_corner_strawb_135,550e8400-e29b-41d4-a716-446655400225
Muller Rice Original 190g,0.85,32,Cheese • Dairy,https://images.sumup.com/img_muller_rice_original_190,550e8400-e29b-41d4-a716-446655400226
Danone Activia Yogurt 125g,0.69,32,Cheese • Dairy,https://images.sumup.com/img_danone_activia_yogur_125,550e8400-e29b-41d4-a716-446655400227
Yeo Valley Natural Yogurt 500g,2.49,29,Cheese • Dairy,https://images.sumup.com/img_yeo_valley_natural_y_500,550e8400-e29b-41d4-a716-446655400228
Lurpak Butter 250g,3.79,32,Butter • Spreads,https://images.sumup.com/img_lurpak_butter_250,550e8400-e29b-41d4-a716-446655400229
Lurpak Butter 500g,6.99,4,Butter • Spreads,https://images.sumup.com/img_lurpak_butter_500,550e8400-e29b-41d4-a716-446655400230
Lurpak Spreadable 250g,3.99,31,Butter • Spreads,https://images.sumup.com/img_lurpak_spreadable_250,550e8400-e29b-41d4-a716-446655400231
Lurpak Spreadable 500g,7.29,44,Butter • Spreads,https://images.sumup.com/img_lurpak_spreadable_500,550e8400-e29b-41d4-a716-446655400232
Anchor Butter 250g,3.49,47,Butter • Spreads,https://images.sumup.com/img_anchor_butter_250,550e8400-e29b-41d4-a716-446655400233
Anchor Butter 500g,6.49,40,Butter • Spreads,https://images.sumup.com/img_anchor_butter_500,550e8400-e29b-41d4-a716-446655400234
Flora Original 500g,2.99,6,Butter • Spreads,https://images.sumup.com/img_flora_original_500,550e8400-e29b-41d4-a716-446655400235
I Can't Believe It's Not Butter 500g,2.79,16,Butter • Spreads,https://images.sumup.com/img_i_cant_believe_its_n_500,550e8400-e29b-41d4-a716-446655400236
Nutella Hazelnut Spread 350g,3.49,3,Spreads • Jams,https://images.sumup.com/img_nutella_hazelnut_spr_350,550e8400-e29b-41d4-a716-446655400237
Nutella Hazelnut Spread 400g,3.99,10,Spreads • Jams,https://images.sumup.com/img_nutella_hazelnut_spr_400,550e8400-e29b-41d4-a716-446655400238
Nutella Hazelnut Spread 750g,6.99,46,Spreads • Jams,https://images.sumup.com/img_nutella_hazelnut_spr_750,550e8400-e29b-41d4-a716-446655400239
Bonne Maman Strawberry Jam 370g,2.49,16,Spreads • Jams,https://images.sumup.com/img_bonne_maman_strawber_370,550e8400-e29b-41d4-a716-446655400240
Hartley's Best Raspberry Jam 340g,1.99,16,Spreads • Jams,https://images.sumup.com/img_hartleys_best_raspbe_340,550e8400-e29b-41d4-a716-446655400241
Marmite Original 250g,3.49,13,Spreads • Jams,https://images.sumup.com/img_marmite_original_250,550e8400-e29b-41d4-a716-446655400242
Peanut Butter Smooth 340g,2.29,13,Spreads • Jams,https://images.sumup.com/img_peanut_butter_smooth_340,550e8400-e29b-41d4-a716-446655400243
Peanut Butter Smooth 454g,2.99,13,Spreads • Jams,https://images.sumup.com/img_peanut_butter_smooth_454,550e8400-e29b-41d4-a716-446655400244
Heinz Tomato Ketchup 460g,2.49,41,Condiments • Sauces,https://images.sumup.com/img_heinz_tomato_ketchup_460,550e8400-e29b-41d4-a716-446655400245
Heinz Tomato Ketchup 910g,3.99,5,Condiments • Sauces,https://images.sumup.com/img_heinz_tomato_ketchup_910,550e8400-e29b-41d4-a716-446655400246
Heinz Mayonnaise 400g,2.79,1,Condiments • Sauces,https://images.sumup.com/img_heinz_mayonnaise_400,550e8400-e29b-41d4-a716-446655400247
Hellmann's Real Mayonnaise 400g,2.99,43,Condiments • Sauces,https://images.sumup.com/img_hellmanns_real_mayon_400,550e8400-e29b-41d4-a716-446655400248
Hellmann's Real Mayonnaise 600g,4.49,46,Condiments • Sauces,https://images.sumup.com/img_hellmanns_real_mayon_600,550e8400-e29b-41d4-a716-446655400249
HP Brown Sauce 255g,2.19,48,Condiments • Sauces,https://images.sumup.com/img_hp_brown_sauce_255,550e8400-e29b-41d4-a716-446655400250
HP Brown Sauce 425g,3.19,5,Condiments • Sauces,https://images.sumup.com/img_hp_brown_sauce_425,550e8400-e29b-41d4-a716-446655400251
Colman's English Mustard 100g,1.99,29,Condiments • Sauces,https://images.sumup.com/img_colmans_english_must_100,550e8400-e29b-41d4-a716-446655400252
French's American Mustard 226g,1.79,3,Condiments • Sauces,https://images.sumup.com/img_frenchs_american_mus_226,550e8400-e29b-41d4-a716-446655400253
Natco Coconut Milk 400g,1.39,25,Cooking Ingredients,https://images.sumup.com/img_natco_coconut_milk_400,550e8400-e29b-41d4-a716-446655400254
Blue Dragon Soy Sauce 150g,1.99,23,Cooking Ingredients,https://images.sumup.com/img_blue_dragon_soy_sauc_150,550e8400-e29b-41d4-a716-446655400255
Sharwood's Curry Paste 227g,2.49,47,Cooking Ingredients,https://images.sumup.com/img_sharwoods_curry_past_227,550e8400-e29b-41d4-a716-446655400256
Uncle Ben's Basmati Rice 500ml,2.49,8,Cooking Ingredients,https://images.sumup.com/img_uncle_bens_basmati_r_500,550e8400-e29b-41d4-a716-446655400257
Uncle Ben's Basmati Rice 1000ml,4.49,47,Cooking Ingredients,https://images.sumup.com/img_uncle_bens_basmati_r_1000,550e8400-e29b-41d4-a716-446655400258
Tilda Pure Basmati Rice 500g,2.79,24,Cooking Ingredients,https://images.sumup.com/img_tilda_pure_basmati_r_500,550e8400-e29b-41d4-a716-446655400259
Tilda Pure Basmati Rice 1kg,4.99,37,Cooking Ingredients,https://images.sumup.com/img_tilda_pure_basmati_r_1000,550e8400-e29b-41d4-a716-446655400260
Rajah Curry Powder 100g,2.19,19,Spices • Seasonings,https://images.sumup.com/img_rajah_curry_powder_100,550e8400-e29b-41d4-a716-446655400261
MDH Garam Masala 100g,2.89,6,Spices • Seasonings,https://images.sumup.com/img_mdh_garam_masala_100,550e8400-e29b-41d4-a716-446655400262
Schwartz Mixed Herbs 10g,1.49,27,Spices • Seasonings,https://images.sumup.com/img_schwartz_mixed_herbs_10,550e8400-e29b-41d4-a716-446655400263
Schwartz Ground Cinnamon 28g,1.99,37,Spices • Seasonings,https://images.sumup.com/img_schwartz_ground_cinn_28,550e8400-e29b-41d4-a716-446655400264
Schwartz Paprika 30g,1.99,34,Spices • Seasonings,https://images.sumup.com/img_schwartz_paprika_30,550e8400-e29b-41d4-a716-446655400265
Haldiram's Bhujia 200g,2.79,10,Indian Snacks,https://images.sumup.com/img_haldirams_bhujia_200,550e8400-e29b-41d4-a716-446655400266
Haldiram's Bhujia 400g,4.99,49,Indian Snacks,https://images.sumup.com/img_haldirams_bhujia_400,550e8400-e29b-41d4-a716-446655400267
Haldiram's Aloo Bhujia 200g,2.79,40,Indian Snacks,https://images.sumup.com/img_haldirams_aloo_bhuji_200,550e8400-e29b-41d4-a716-446655400268
Bikaji Aloo Bhujia 400g,3.99,31,Indian Snacks,https://images.sumup.com/img_bikaji_aloo_bhujia_400,550e8400-e29b-41d4-a716-446655400269
Ajmi Pappadums 200g,2.39,23,Indian Snacks,https://images.sumup.com/img_ajmi_pappadums_200,550e8400-e29b-41d4-a716-446655400270
Laila Basmati Rice 2kg,5.99,27,Rice • Grains,https://images.sumup.com/img_laila_basmati_rice_2000,550e8400-e29b-41d4-a716-446655400271
Laila Basmati Rice 5kg,12.99,29,Rice • Grains,https://images.sumup.com/img_laila_basmati_rice_5000,550e8400-e29b-41d4-a716-446655400272
Laila Basmati Rice 10kg,22.99,26,Rice • Grains,https://images.sumup.com/img_laila_basmati_rice_10000,550e8400-e29b-41d4-a716-446655400273
TRS Red Lentils 1kg,3.99,2,Rice • Grains,https://images.sumup.com/img_trs_red_lentils_1000,550e8400-e29b-41d4-a716-446655400274
TRS Red Lentils 2kg,6.99,33,Rice • Grains,https://images.sumup.com/img_trs_red_lentils_2000,550e8400-e29b-41d4-a716-446655400275
TRS Chana Dal 2kg,6.99,33,Rice • Grains,https://images.sumup.com/img_trs_chana_dal_2000,550e8400-e29b-41d4-a716-446655400276
Andrex Classic Clean Toilet Tissue 9ml,5.49,45,Household,https://images.sumup.com/img_andrex_classic_clean_9,550e8400-e29b-41d4-a716-446655400277
Andrex Classic Clean Toilet Tissue 18ml,9.99,10,Household,https://images.sumup.com/img_andrex_classic_clean_18,550e8400-e29b-41d4-a716-446655400278
Andrex Gentle Clean Toilet Tissue 9ml,5.99,41,Household,https://images.sumup.com/img_andrex_gentle_clean__9,550e8400-e29b-41d4-a716-446655400279
Plenty Kitchen Roll 2g,3.29,25,Household,https://images.sumup.com/img_plenty_kitchen_roll_2,550e8400-e29b-41d4-a716-446655400280
Plenty Kitchen Roll 4g,5.99,21,Household,https://images.sumup.com/img_plenty_kitchen_roll_4,550e8400-e29b-41d4-a716-446655400281
Fairy Liquid Original 433g,2.49,21,Household,https://images.sumup.com/img_fairy_liquid_origina_433,550e8400-e29b-41d4-a716-446655400282
Fairy Liquid Original 625g,2.99,20,Household,https://images.sumup.com/img_fairy_liquid_origina_625,550e8400-e29b-41d4-a716-446655400283
Fairy Liquid Original 900g,3.99,1,Household,https://images.sumup.com/img_fairy_liquid_origina_900,550e8400-e29b-41d4-a716-446655400284
Comfort Fabric Conditioner 630g,2.99,49,Household,https://images.sumup.com/img_comfort_fabric_condi_630,550e8400-e29b-41d4-a716-446655400285
Comfort Fabric Conditioner 1260ml,4.99,18,Household,https://images.sumup.com/img_comfort_fabric_condi_1260,550e8400-e29b-41d4-a716-446655400286
Persil Washing Powder 650g,4.29,2,Household,https://images.sumup.com/img_persil_washing_powde_650,550e8400-e29b-41d4-a716-446655400287
Persil Washing Powder 1300ml,7.99,30,Household,https://images.sumup.com/img_persil_washing_powde_1300,550e8400-e29b-41d4-a716-446655400288
Dettol Antibacterial Surface Spray 500g,3.39,22,Household,https://images.sumup.com/img_dettol_antibacterial_500,550e8400-e29b-41d4-a716-446655400289
Flash All Purpose Cleaner 500ml,2.99,45,Household,https://images.sumup.com/img_flash_all_purpose_cl_500,550e8400-e29b-41d4-a716-446655400290
Cif Cream Cleaner 500ml,1.99,32,Household,https://images.sumup.com/img_cif_cream_cleaner_500,550e8400-e29b-41d4-a716-446655400291
Comfort Fabric Conditioner 630g,2.99,15,Household,https://images.sumup.com/img_comfort_fabric_condi_630,550e8400-e29b-41d4-a716-446655400292
Kingsmill 50/50 Bread 800g,1.29,25,Bakery • Bread,https://images.sumup.com/img_kingsmill_50/50_brea_800,550e8400-e29b-41d4-a716-446655400293
Rio Tropical 330g,1.05,1,Soft Drinks • Water • Shakes,https://images.sumup.com/img_rio_tropical_330,550e8400-e29b-41d4-a716-446655400294
Bikaji Aloo Bhujia 400g,3.99,20,Indian Snacks,https://images.sumup.com/img_bikaji_aloo_bhujia_400,550e8400-e29b-41d4-a716-446655400295
Stella Artois Lager 660g,2.99,40,Beers,https://images.sumup.com/img_stella_artois_lager_660,550e8400-e29b-41d4-a716-446655400296
San Miguel Lager 330g,1.89,30,Beers,https://images.sumup.com/img_san_miguel_lager_330,550e8400-e29b-41d4-a716-446655400297
Peroni Nastro Azzurro 660g,3.49,27,Beers,https://images.sumup.com/img_peroni_nastro_azzurr_660,550e8400-e29b-41d4-a716-446655400298
Vimto Original 330g,0.89,5,Soft Drinks • Water • Shakes,https://images.sumup.com/img_vimto_original_330,550e8400-e29b-41d4-a716-446655400299
Lucozade Sport Orange 500g,1.49,37,Energy Drinks,https://images.sumup.com/img_lucozade_sport_orang_500,550e8400-e29b-41d4-a716-446655400300
Comfort Fabric Conditioner 1260ml,4.99,1,Household,https://images.sumup.com/img_comfort_fabric_condi_1260,550e8400-e29b-41d4-a716-446655400301
Monster Energy Ultra 500g,1.89,7,Energy Drinks,https://images.sumup.com/img_monster_energy_ultra_500,550e8400-e29b-41d4-a716-446655400302
Malibu Caribbean Rum 700g,15.99,5,Liqueurs,https://images.sumup.com/img_malibu_caribbean_rum_700,550e8400-e29b-41d4-a716-446655400303
19 Crimes Red Blend 750g,11.29,3,Wines,https://images.sumup.com/img_19_crimes_red_blend_750,550e8400-e29b-41d4-a716-446655400304
Malibu Caribbean Rum 700g,15.99,0,Liqueurs,https://images.sumup.com/img_malibu_caribbean_rum_700,550e8400-e29b-41d4-a716-446655400305
Haribo Starmix 400g,2.99,30,Chocolate • Sweets • Treats,https://images.sumup.com/img_haribo_starmix_400,550e8400-e29b-41d4-a716-446655400306
Twix Twin Bar 50g,0.79,49,Chocolate • Sweets • Treats,https://images.sumup.com/img_twix_twin_bar_50,550e8400-e29b-41d4-a716-446655400307
Smirnoff Vodka 700g,18.99,49,Spirits,https://images.sumup.com/img_smirnoff_vodka_700,550e8400-e29b-41d4-a716-446655400308
Sprite Zero 330g,0.99,31,Soft Drinks • Water • Shakes,https://images.sumup.com/img_sprite_zero_330,550e8400-e29b-41d4-a716-446655400309
Nutella Hazelnut Spread 400g,3.99,50,Spreads • Jams,https://images.sumup.com/img_nutella_hazelnut_spr_400,550e8400-e29b-41d4-a716-446655400310
Danone Activia Yogurt 125g,0.69,5,Cheese • Dairy,https://images.sumup.com/img_danone_activia_yogur_125,550e8400-e29b-41d4-a716-446655400311
Sharwood's Curry Paste 227g,2.49,5,Cooking Ingredients,https://images.sumup.com/img_sharwoods_curry_past_227,550e8400-e29b-41d4-a716-446655400312
TRS Chana Dal 2kg,6.99,39,Rice • Grains,https://images.sumup.com/img_trs_chana_dal_2000,550e8400-e29b-41d4-a716-446655400313
Peanut Butter Smooth 340g,2.29,17,Spreads • Jams,https://images.sumup.com/img_peanut_butter_smooth_340,550e8400-e29b-41d4-a716-446655400314
Heinz Mayonnaise 400g,2.79,23,Condiments • Sauces,https://images.sumup.com/img_heinz_mayonnaise_400,550e8400-e29b-41d4-a716-446655400315
Budweiser Lager 660g,2.79,22,Beers,https://images.sumup.com/img_budweiser_lager_660,550e8400-e29b-41d4-a716-446655400316
Pringles Sour Cream 165g,2.29,49,Crisps • Snacks,https://images.sumup.com/img_pringles_sour_cream_165,550e8400-e29b-41d4-a716-446655400317
Muller Rice Original 190g,0.85,34,Cheese • Dairy,https://images.sumup.com/img_muller_rice_original_190,550e8400-e29b-41d4-a716-446655400318
Monster Energy Ultra 500g,1.89,48,Energy Drinks,https://images.sumup.com/img_monster_energy_ultra_500,550e8400-e29b-41d4-a716-446655400319
PG Tips Tea Bags 240g,6.99,43,Coffee • Tea,https://images.sumup.com/img_pg_tips_tea_bags_240,550e8400-e29b-41d4-a716-446655400320
Sprite Zero 330g,0.99,40,Soft Drinks • Water • Shakes,https://images.sumup.com/img_sprite_zero_330,550e8400-e29b-41d4-a716-446655400321
Peroni Nastro Azzurro 660g,3.49,1,Beers,https://images.sumup.com/img_peroni_nastro_azzurr_660,550e8400-e29b-41d4-a716-446655400322
San Miguel Lager 660g,3.29,32,Beers,https://images.sumup.com/img_san_miguel_lager_660,550e8400-e29b-41d4-a716-446655400323
Natco Coconut Milk 400g,1.39,19,Cooking Ingredients,https://images.sumup.com/img_natco_coconut_milk_400,550e8400-e29b-41d4-a716-446655400324
Relentless Origin 500g,1.79,23,Energy Drinks,https://images.sumup.com/img_relentless_origin_500,550e8400-e29b-41d4-a716-446655400325
Schwartz Ground Cinnamon 28g,1.99,5,Spices • Seasonings,https://images.sumup.com/img_schwartz_ground_cinn_28,550e8400-e29b-41d4-a716-446655400326
Jammie Dodgers 140g,1.29,50,Biscuits • Cookies,https://images.sumup.com/img_jammie_dodgers_140,550e8400-e29b-41d4-a716-446655400327
McVitie's Digestives 500g,2.49,46,Biscuits • Cookies,https://images.sumup.com/img_mcvities_digestives_500,550e8400-e29b-41d4-a716-446655400328
Red Bull Energy Drink 355g,2.29,28,Energy Drinks,https://images.sumup.com/img_red_bull_energy_drin_355,550e8400-e29b-41d4-a716-446655400329
Bikaji Aloo Bhujia 400g,3.99,3,Indian Snacks,https://images.sumup.com/img_bikaji_aloo_bhujia_400,550e8400-e29b-41d4-a716-446655400330
Peanut Butter Smooth 454g,2.99,2,Spreads • Jams,https://images.sumup.com/img_peanut_butter_smooth_454,550e8400-e29b-41d4-a716-446655400331
TRS Red Lentils 1kg,3.99,35,Rice • Grains,https://images.sumup.com/img_trs_red_lentils_1000,550e8400-e29b-41d4-a716-446655400332
Captain Morgan Spiced Gold Rum 700g,16.99,39,Spirits,https://images.sumup.com/img_captain_morgan_spice_700,550e8400-e29b-41d4-a716-446655400333
Oreo Original 154g,1.29,29,Biscuits • Cookies,https://images.sumup.com/img_oreo_original_154,550e8400-e29b-41d4-a716-446655400334
PG Tips Tea Bags 80g,2.99,36,Coffee • Tea,https://images.sumup.com/img_pg_tips_tea_bags_80,550e8400-e29b-41d4-a716-446655400335
Pringles Sour Cream 165g,2.29,4,Crisps • Snacks,https://images.sumup.com/img_pringles_sour_cream_165,550e8400-e29b-41d4-a716-446655400336
Schwartz Mixed Herbs 10g,1.49,0,Spices • Seasonings,https://images.sumup.com/img_schwartz_mixed_herbs_10,550e8400-e29b-41d4-a716-446655400337
Yorkshire Tea Bags 160g,4.99,31,Coffee • Tea,https://images.sumup.com/img_yorkshire_tea_bags_160,550e8400-e29b-41d4-a716-446655400338
TRS Red Lentils 1kg,3.99,19,Rice • Grains,https://images.sumup.com/img_trs_red_lentils_1000,550e8400-e29b-41d4-a716-446655400339
Hardy's VR Shiraz 750g,6.99,18,Wines,https://images.sumup.com/img_hardys_vr_shiraz_750,550e8400-e29b-41d4-a716-446655400340
Rajah Curry Powder 100g,2.19,37,Spices • Seasonings,https://images.sumup.com/img_rajah_curry_powder_100,550e8400-e29b-41d4-a716-446655400341
Pringles Sour Cream 200g,2.79,2,Crisps • Snacks,https://images.sumup.com/img_pringles_sour_cream_200,550e8400-e29b-41d4-a716-446655400342
HP Brown Sauce 425g,3.19,46,Condiments • Sauces,https://images.sumup.com/img_hp_brown_sauce_425,550e8400-e29b-41d4-a716-446655400343
Blue Dragon Soy Sauce 150g,1.99,48,Cooking Ingredients,https://images.sumup.com/img_blue_dragon_soy_sauc_150,550e8400-e29b-41d4-a716-446655400344
Kettle Chips Mature Cheddar 150g,2.19,5,Crisps • Snacks,https://images.sumup.com/img_kettle_chips_mature__150,550e8400-e29b-41d4-a716-446655400345
Yeo Valley Natural Yogurt 500g,2.49,14,Cheese • Dairy,https://images.sumup.com/img_yeo_valley_natural_y_500,550e8400-e29b-41d4-a716-446655400346
Jameson Irish Whiskey 350g,15.99,36,Spirits,https://images.sumup.com/img_jameson_irish_whiske_350,550e8400-e29b-41d4-a716-446655400347
Relentless Origin 500g,1.79,32,Energy Drinks,https://images.sumup.com/img_relentless_origin_500,550e8400-e29b-41d4-a716-446655400348
PG Tips Tea Bags 240g,6.99,10,Coffee • Tea,https://images.sumup.com/img_pg_tips_tea_bags_240,550e8400-e29b-41d4-a716-446655400349
Nestle Cheerios 600g,4.49,0,Breakfast Cereals,https://images.sumup.com/img_nestle_cheerios_600,550e8400-e29b-41d4-a716-446655400350
Cheetos Twisted 85g,1.39,35,Crisps • Snacks,https://images.sumup.com/img_cheetos_twisted_85,550e8400-e29b-41d4-a716-446655400351
Jagermeister 350g,12.99,27,Liqueurs,https://images.sumup.com/img_jagermeister_350,550e8400-e29b-41d4-a716-446655400352
TRS Red Lentils 1kg,3.99,8,Rice • Grains,https://images.sumup.com/img_trs_red_lentils_1000,550e8400-e29b-41d4-a716-446655400353
Kahlua Coffee Liqueur 700g,16.99,28,Liqueurs,https://images.sumup.com/img_kahlua_coffee_liqueu_700,550e8400-e29b-41d4-a716-446655400354
Muller Corner Strawberry 135g,0.75,3,Cheese • Dairy,https://images.sumup.com/img_muller_corner_strawb_135,550e8400-e29b-41d4-a716-446655400355
I Can't Believe It's Not Butter 500g,2.79,1,Butter • Spreads,https://images.sumup.com/img_i_cant_believe_its_n_500,550e8400-e29b-41d4-a716-446655400356
Red Bull Sugar Free 355g,2.29,25,Energy Drinks,https://images.sumup.com/img_red_bull_sugar_free_355,550e8400-e29b-41d4-a716-446655400357
Heinz Mayonnaise 400g,2.79,29,Condiments • Sauces,https://images.sumup.com/img_heinz_mayonnaise_400,550e8400-e29b-41d4-a716-446655400358
Nutella Hazelnut Spread 750g,6.99,31,Spreads • Jams,https://images.sumup.com/img_nutella_hazelnut_spr_750,550e8400-e29b-41d4-a716-446655400359
Hovis Wholemeal Bread 800g,1.39,37,Bakery • Bread,https://images.sumup.com/img_hovis_wholemeal_brea_800,550e8400-e29b-41d4-a716-446655400360
Lurpak Spreadable 500g,7.29,15,Butter • Spreads,https://images.sumup.com/img_lurpak_spreadable_500,550e8400-e29b-41d4-a716-446655400361
Haldiram's Aloo Bhujia 200g,2.79,16,Indian Snacks,https://images.sumup.com/img_haldirams_aloo_bhuji_200,550e8400-e29b-41d4-a716-446655400362
Anchor Butter 500g,6.49,39,Butter • Spreads,https://images.sumup.com/img_anchor_butter_500,550e8400-e29b-41d4-a716-446655400363
Rockstar Energy 500g,1.69,39,Energy Drinks,https://images.sumup.com/img_rockstar_energy_500,550e8400-e29b-41d4-a716-446655400364
I Can't Believe It's Not Butter 500g,2.79,11,Butter • Spreads,https://images.sumup.com/img_i_cant_believe_its_n_500,550e8400-e29b-41d4-a716-446655400365
Rajah Curry Powder 100g,2.19,50,Spices • Seasonings,https://images.sumup.com/img_rajah_curry_powder_100,550e8400-e29b-41d4-a716-446655400366
Haldiram's Aloo Bhujia 200g,2.79,16,Indian Snacks,https://images.sumup.com/img_haldirams_aloo_bhuji_200,550e8400-e29b-41d4-a716-446655400367
Jameson Irish Whiskey 350g,15.99,20,Spirits,https://images.sumup.com/img_jameson_irish_whiske_350,550e8400-e29b-41d4-a716-446655400368
Anchor Butter 250g,3.49,40,Butter • Spreads,https://images.sumup.com/img_anchor_butter_250,550e8400-e29b-41d4-a716-446655400369
Anchor Butter 250g,3.49,23,Butter • Spreads,https://images.sumup.com/img_anchor_butter_250,550e8400-e29b-41d4-a716-446655400370
Laila Basmati Rice 10kg,22.99,31,Rice • Grains,https://images.sumup.com/img_laila_basmati_rice_10000,550e8400-e29b-41d4-a716-446655400371
Danone Activia Yogurt 125g,0.69,11,Cheese • Dairy,https://images.sumup.com/img_danone_activia_yogur_125,550e8400-e29b-41d4-a716-446655400372
Walkers Cheese & Onion 150g,2.49,14,Crisps • Snacks,https://images.sumup.com/img_walkers_cheese_&_oni_150,550e8400-e29b-41d4-a716-446655400373
MDH Garam Masala 100g,2.89,42,Spices • Seasonings,https://images.sumup.com/img_mdh_garam_masala_100,550e8400-e29b-41d4-a716-446655400374
Muller Corner Vanilla 135g,0.75,9,Cheese • Dairy,https://images.sumup.com/img_muller_corner_vanill_135,550e8400-e29b-41d4-a716-446655400375
Bikaji Aloo Bhujia 400g,3.99,23,Indian Snacks,https://images.sumup.com/img_bikaji_aloo_bhujia_400,550e8400-e29b-41d4-a716-446655400376
Hartley's Best Raspberry Jam 340g,1.99,30,Spreads • Jams,https://images.sumup.com/img_hartleys_best_raspbe_340,550e8400-e29b-41d4-a716-446655400377
Peroni Nastro Azzurro 660g,3.49,29,Beers,https://images.sumup.com/img_peroni_nastro_azzurr_660,550e8400-e29b-41d4-a716-446655400378
Laila Basmati Rice 5kg,12.99,13,Rice • Grains,https://images.sumup.com/img_laila_basmati_rice_5000,550e8400-e29b-41d4-a716-446655400379
Cathedral City Mature Cheddar 550g,7.49,1,Cheese • Dairy,https://images.sumup.com/img_cathedral_city_matur_550,550e8400-e29b-41d4-a716-446655400380
Blossom Hill White 750g,5.99,32,Wines,https://images.sumup.com/img_blossom_hill_white_750,550e8400-e29b-41d4-a716-446655400381
Quaker Oats So Simple 324g,2.99,1,Breakfast Cereals,https://images.sumup.com/img_quaker_oats_so_simpl_324,550e8400-e29b-41d4-a716-446655400382
Ajmi Pappadums 200g,2.39,7,Indian Snacks,https://images.sumup.com/img_ajmi_pappadums_200,550e8400-e29b-41d4-a716-446655400383
Twinings English Breakfast 200g,6.99,16,Coffee • Tea,https://images.sumup.com/img_twinings_english_bre_200,550e8400-e29b-41d4-a716-446655400384
Nutella Hazelnut Spread 400g,3.99,17,Spreads • Jams,https://images.sumup.com/img_nutella_hazelnut_spr_400,550e8400-e29b-41d4-a716-446655400385
Ajmi Pappadums 200g,2.39,12,Indian Snacks,https://images.sumup.com/img_ajmi_pappadums_200,550e8400-e29b-41d4-a716-446655400386
Yorkshire Tea Bags 240g,6.99,4,Coffee • Tea,https://images.sumup.com/img_yorkshire_tea_bags_240,550e8400-e29b-41d4-a716-446655400387
Natco Coconut Milk 400g,1.39,38,Cooking Ingredients,https://images.sumup.com/img_natco_coconut_milk_400,550e8400-e29b-41d4-a716-446655400388
Kenco Smooth 200g,9.99,37,Coffee • Tea,https://images.sumup.com/img_kenco_smooth_200,550e8400-e29b-41d4-a716-446655400389
McCoy's Salt & Malt Vinegar 85g,1.49,3,Crisps • Snacks,https://images.sumup.com/img_mccoys_salt_&_malt_v_85,550e8400-e29b-41d4-a716-446655400390
Nutella Hazelnut Spread 750g,6.99,23,Spreads • Jams,https://images.sumup.com/img_nutella_hazelnut_spr_750,550e8400-e29b-41d4-a716-446655400391
San Miguel Lager 660g,3.29,32,Beers,https://images.sumup.com/img_san_miguel_lager_660,550e8400-e29b-41d4-a716-446655400392
Muller Corner Vanilla 135g,0.75,36,Cheese • Dairy,https://images.sumup.com/img_muller_corner_vanill_135,550e8400-e29b-41d4-a716-446655400393
Barefoot Merlot 750g,7.99,20,Wines,https://images.sumup.com/img_barefoot_merlot_750,550e8400-e29b-41d4-a716-446655400394
Muller Corner Vanilla 135g,0.75,28,Cheese • Dairy,https://images.sumup.com/img_muller_corner_vanill_135,550e8400-e29b-41d4-a716-446655400395
Warburtons Toastie Bread 800g,1.39,50,Bakery • Bread,https://images.sumup.com/img_warburtons_toastie_b_800,550e8400-e29b-41d4-a716-446655400396
Monster Energy Ultra 500g,1.89,20,Energy Drinks,https://images.sumup.com/img_monster_energy_ultra_500,550e8400-e29b-41d4-a716-446655400397
Rajah Curry Powder 100g,2.19,1,Spices • Seasonings,https://images.sumup.com/img_rajah_curry_powder_100,550e8400-e29b-41d4-a716-446655400398
Anchor Butter 500g,6.49,28,Butter • Spreads,https://images.sumup.com/img_anchor_butter_500,550e8400-e29b-41d4-a716-446655400399
French's American Mustard 226g,1.79,32,Condiments • Sauces,https://images.sumup.com/img_frenchs_american_mus_226,550e8400-e29b-41d4-a716-446655400400
Oreo Original 330g,2.79,23,Biscuits • Cookies,https://images.sumup.com/img_oreo_original_330,550e8400-e29b-41d4-a716-446655400401
Muller Corner Vanilla 135g,0.75,37,Cheese • Dairy,https://images.sumup.com/img_muller_corner_vanill_135,550e8400-e29b-41d4-a716-446655400402
Carlsberg Pilsner 440g,1.79,26,Beers,https://images.sumup.com/img_carlsberg_pilsner_440,550e8400-e29b-41d4-a716-446655400403
Lurpak Butter 500g,6.99,21,Butter • Spreads,https://images.sumup.com/img_lurpak_butter_500,550e8400-e29b-41d4-a716-446655400404
Heinz Mayonnaise 400g,2.79,6,Condiments • Sauces,https://images.sumup.com/img_heinz_mayonnaise_400,550e8400-e29b-41d4-a716-446655400405
Galaxy Smooth Milk 110g,1.99,10,Chocolate • Sweets • Treats,https://images.sumup.com/img_galaxy_smooth_milk_110,550e8400-e29b-41d4-a716-446655400406
Yeo Valley Natural Yogurt 500g,2.49,44,Cheese • Dairy,https://images.sumup.com/img_yeo_valley_natural_y_500,550e8400-e29b-41d4-a716-446655400407
Jammie Dodgers 140g,1.29,47,Biscuits • Cookies,https://images.sumup.com/img_jammie_dodgers_140,550e8400-e29b-41d4-a716-446655400408
Kahlua Coffee Liqueur 700g,16.99,27,Liqueurs,https://images.sumup.com/img_kahlua_coffee_liqueu_700,550e8400-e29b-41d4-a716-446655400409
Fairy Liquid Original 433g,2.49,42,Household,https://images.sumup.com/img_fairy_liquid_origina_433,550e8400-e29b-41d4-a716-446655400410
Monster Energy Ultra 500g,1.89,25,Energy Drinks,https://images.sumup.com/img_monster_energy_ultra_500,550e8400-e29b-41d4-a716-446655400411
Rajah Curry Powder 100g,2.19,17,Spices • Seasonings,https://images.sumup.com/img_rajah_curry_powder_100,550e8400-e29b-41d4-a716-446655400412
MDH Garam Masala 100g,2.89,16,Spices • Seasonings,https://images.sumup.com/img_mdh_garam_masala_100,550e8400-e29b-41d4-a716-446655400413
Yellowtail Chardonnay 750g,8.99,8,Wines,https://images.sumup.com/img_yellowtail_chardonna_750,550e8400-e29b-41d4-a716-446655400414
Flora Original 500g,2.99,39,Butter • Spreads,https://images.sumup.com/img_flora_original_500,550e8400-e29b-41d4-a716-446655400415
Laila Basmati Rice 2kg,5.99,23,Rice • Grains,https://images.sumup.com/img_laila_basmati_rice_2000,550e8400-e29b-41d4-a716-446655400416
Schwartz Ground Cinnamon 28g,1.99,4,Spices • Seasonings,https://images.sumup.com/img_schwartz_ground_cinn_28,550e8400-e29b-41d4-a716-446655400417
Muller Corner Vanilla 135g,0.75,33,Cheese • Dairy,https://images.sumup.com/img_muller_corner_vanill_135,550e8400-e29b-41d4-a716-446655400418
Kahlua Coffee Liqueur 700g,16.99,35,Liqueurs,https://images.sumup.com/img_kahlua_coffee_liqueu_700,550e8400-e29b-41d4-a716-446655400419
Natco Coconut Milk 400g,1.39,23,Cooking Ingredients,https://images.sumup.com/img_natco_coconut_milk_400,550e8400-e29b-41d4-a716-446655400420
Andrex Classic Clean Toilet Tissue 9ml,5.49,38,Household,https://images.sumup.com/img_andrex_classic_clean_9,550e8400-e29b-41d4-a716-446655400421
Baileys Strawberries & Cream 700g,15.99,12,Liqueurs,https://images.sumup.com/img_baileys_strawberries_700,550e8400-e29b-41d4-a716-446655400422
Tetley Tea Bags 240g,6.79,24,Coffee • Tea,https://images.sumup.com/img_tetley_tea_bags_240,550e8400-e29b-41d4-a716-446655400423
Monster Energy Original 500g,1.89,37,Energy Drinks,https://images.sumup.com/img_monster_energy_origi_500,550e8400-e29b-41d4-a716-446655400424
Haldiram's Aloo Bhujia 200g,2.79,8,Indian Snacks,https://images.sumup.com/img_haldirams_aloo_bhuji_200,550e8400-e29b-41d4-a716-446655400425
Tetley Tea Bags 80g,2.79,6,Coffee • Tea,https://images.sumup.com/img_tetley_tea_bags_80,550e8400-e29b-41d4-a716-446655400426
Persil Washing Powder 650g,4.29,31,Household,https://images.sumup.com/img_persil_washing_powde_650,550e8400-e29b-41d4-a716-446655400427
French's American Mustard 226g,1.79,6,Condiments • Sauces,https://images.sumup.com/img_frenchs_american_mus_226,550e8400-e29b-41d4-a716-446655400428
Tia Maria Coffee Liqueur 700g,15.99,22,Liqueurs,https://images.sumup.com/img_tia_maria_coffee_liq_700,550e8400-e29b-41d4-a716-446655400429
Kahlua Coffee Liqueur 700g,16.99,40,Liqueurs,https://images.sumup.com/img_kahlua_coffee_liqueu_700,550e8400-e29b-41d4-a716-446655400430
Baileys Original Irish Cream 350g,9.99,15,Liqueurs,https://images.sumup.com/img_baileys_original_iri_350,550e8400-e29b-41d4-a716-446655400431
Twinings English Breakfast 80g,3.49,40,Coffee • Tea,https://images.sumup.com/img_twinings_english_bre_80,550e8400-e29b-41d4-a716-446655400432
Baileys Original Irish Cream 700g,15.99,20,Liqueurs,https://images.sumup.com/img_baileys_original_iri_700,550e8400-e29b-41d4-a716-446655400433
Nutella Hazelnut Spread 750g,6.99,48,Spreads • Jams,https://images.sumup.com/img_nutella_hazelnut_spr_750,550e8400-e29b-41d4-a716-446655400434
Blue Dragon Soy Sauce 150g,1.99,22,Cooking Ingredients,https://images.sumup.com/img_blue_dragon_soy_sauc_150,550e8400-e29b-41d4-a716-446655400435
Gordon's London Dry Gin 700g,16.99,29,Spirits,https://images.sumup.com/img_gordons_london_dry_g_700,550e8400-e29b-41d4-a716-446655400436
TRS Chana Dal 2kg,6.99,33,Rice • Grains,https://images.sumup.com/img_trs_chana_dal_2000,550e8400-e29b-41d4-a716-446655400437
MDH Garam Masala 100g,2.89,45,Spices • Seasonings,https://images.sumup.com/img_mdh_garam_masala_100,550e8400-e29b-41d4-a716-446655400438
Lucozade Energy Original 500g,1.69,35,Energy Drinks,https://images.sumup.com/img_lucozade_energy_orig_500,550e8400-e29b-41d4-a716-446655400439
Muller Corner Strawberry 135g,0.75,32,Cheese • Dairy,https://images.sumup.com/img_muller_corner_strawb_135,550e8400-e29b-41d4-a716-446655400440
Glenfiddich 12 Year Old 700g,34.99,37,Spirits,https://images.sumup.com/img_glenfiddich_12_year__700,550e8400-e29b-41d4-a716-446655400441
Weetabix Original 72g,5.49,30,Breakfast Cereals,https://images.sumup.com/img_weetabix_original_72,550e8400-e29b-41d4-a716-446655400442
Budweiser Lager 660g,2.79,46,Beers,https://images.sumup.com/img_budweiser_lager_660,550e8400-e29b-41d4-a716-446655400443
Lucozade Sport Orange 500g,1.49,30,Energy Drinks,https://images.sumup.com/img_lucozade_sport_orang_500,550e8400-e29b-41d4-a716-446655400444
Baileys Strawberries & Cream 700g,15.99,16,Liqueurs,https://images.sumup.com/img_baileys_strawberries_700,550e8400-e29b-41d4-a716-446655400445
Gordon's London Dry Gin 350g,11.99,19,Spirits,https://images.sumup.com/img_gordons_london_dry_g_350,550e8400-e29b-41d4-a716-446655400446
Kettle Chips Sea Salt 150g,2.19,47,Crisps • Snacks,https://images.sumup.com/img_kettle_chips_sea_sal_150,550e8400-e29b-41d4-a716-446655400447
Tilda Pure Basmati Rice 1kg,4.99,3,Cooking Ingredients,https://images.sumup.com/img_tilda_pure_basmati_r_1000,550e8400-e29b-41d4-a716-446655400448
Marmite Original 250g,3.49,22,Spreads • Jams,https://images.sumup.com/img_marmite_original_250,550e8400-e29b-41d4-a716-446655400449
Muller Corner Vanilla 135g,0.75,38,Cheese • Dairy,https://images.sumup.com/img_muller_corner_vanill_135,550e8400-e29b-41d4-a716-446655400450
Volvic Touch of Fruit 1500ml,1.99,43,Soft Drinks • Water • Shakes,https://images.sumup.com/img_volvic_touch_of_frui_1500,550e8400-e29b-41d4-a716-446655400451
Nestle Shreddies 675g,4.49,37,Breakfast Cereals,https://images.sumup.com/img_nestle_shreddies_675,550e8400-e29b-41d4-a716-446655400452
Haldiram's Bhujia 200g,2.79,24,Indian Snacks,https://images.sumup.com/img_haldirams_bhujia_200,550e8400-e29b-41d4-a716-446655400453
Jameson Irish Whiskey 350g,15.99,46,Spirits,https://images.sumup.com/img_jameson_irish_whiske_350,550e8400-e29b-41d4-a716-446655400454
Tetley Tea Bags 160g,4.79,23,Coffee • Tea,https://images.sumup.com/img_tetley_tea_bags_160,550e8400-e29b-41d4-a716-446655400455
Peanut Butter Smooth 340g,2.29,39,Spreads • Jams,https://images.sumup.com/img_peanut_butter_smooth_340,550e8400-e29b-41d4-a716-446655400456
Glenfiddich 12 Year Old 700g,34.99,20,Spirits,https://images.sumup.com/img_glenfiddich_12_year__700,550e8400-e29b-41d4-a716-446655400457
Bacardi Carta Blanca Rum 350g,11.99,42,Spirits,https://images.sumup.com/img_bacardi_carta_blanca_350,550e8400-e29b-41d4-a716-446655400458
Skittles Original 125g,1.99,50,Chocolate • Sweets • Treats,https://images.sumup.com/img_skittles_original_125,550e8400-e29b-41d4-a716-446655400459
Flora Original 500g,2.99,21,Butter • Spreads,https://images.sumup.com/img_flora_original_500,550e8400-e29b-41d4-a716-446655400460
Jammie Dodgers 140g,1.29,37,Biscuits • Cookies,https://images.sumup.com/img_jammie_dodgers_140,550e8400-e29b-41d4-a716-446655400461
Barefoot Pinot Grigio 750g,7.99,4,Wines,https://images.sumup.com/img_barefoot_pinot_grigi_750,550e8400-e29b-41d4-a716-446655400462
Andrex Classic Clean Toilet Tissue 18ml,9.99,42,Household,https://images.sumup.com/img_andrex_classic_clean_18,550e8400-e29b-41d4-a716-446655400463
Fairy Liquid Original 900g,3.99,35,Household,https://images.sumup.com/img_fairy_liquid_origina_900,550e8400-e29b-41d4-a716-446655400464
Ajmi Pappadums 200g,2.39,48,Indian Snacks,https://images.sumup.com/img_ajmi_pappadums_200,550e8400-e29b-41d4-a716-446655400465
Blue Dragon Soy Sauce 150g,1.99,17,Cooking Ingredients,https://images.sumup.com/img_blue_dragon_soy_sauc_150,550e8400-e29b-41d4-a716-446655400466
Captain Morgan Spiced Gold Rum 350g,11.99,27,Spirits,https://images.sumup.com/img_captain_morgan_spice_350,550e8400-e29b-41d4-a716-446655400467
TRS Red Lentils 2kg,6.99,13,Rice • Grains,https://images.sumup.com/img_trs_red_lentils_2000,550e8400-e29b-41d4-a716-446655400468
Monster Energy Original 500g,1.89,24,Energy Drinks,https://images.sumup.com/img_monster_energy_origi_500,550e8400-e29b-41d4-a716-446655400469
Uncle Ben's Basmati Rice 1000ml,4.49,2,Cooking Ingredients,https://images.sumup.com/img_uncle_bens_basmati_r_1000,550e8400-e29b-41d4-a716-446655400470
MDH Garam Masala 100g,2.89,45,Spices • Seasonings,https://images.sumup.com/img_mdh_garam_masala_100,550e8400-e29b-41d4-a716-446655400471
Andrex Gentle Clean Toilet Tissue 9ml,5.99,0,Household,https://images.sumup.com/img_andrex_gentle_clean__9,550e8400-e29b-41d4-a716-446655400472
Plenty Kitchen Roll 4g,5.99,10,Household,https://images.sumup.com/img_plenty_kitchen_roll_4,550e8400-e29b-41d4-a716-446655400473
Philadelphia Soft Cheese 180g,2.29,14,Cheese • Dairy,https://images.sumup.com/img_philadelphia_soft_ch_180,550e8400-e29b-41d4-a716-446655400474
Uncle Ben's Basmati Rice 500ml,2.49,18,Cooking Ingredients,https://images.sumup.com/img_uncle_bens_basmati_r_500,550e8400-e29b-41d4-a716-446655400475
Doritos Cool Original 150g,1.89,1,Crisps • Snacks,https://images.sumup.com/img_doritos_cool_origina_150,550e8400-e29b-41d4-a716-446655400476
Jagermeister 350g,12.99,22,Liqueurs,https://images.sumup.com/img_jagermeister_350,550e8400-e29b-41d4-a716-446655400477
Heinz Tomato Ketchup 910g,3.99,45,Condiments • Sauces,https://images.sumup.com/img_heinz_tomato_ketchup_910,550e8400-e29b-41d4-a716-446655400478
Anchor Butter 250g,3.49,42,Butter • Spreads,https://images.sumup.com/img_anchor_butter_250,550e8400-e29b-41d4-a716-446655400479
HP Brown Sauce 425g,3.19,45,Condiments • Sauces,https://images.sumup.com/img_hp_brown_sauce_425,550e8400-e29b-41d4-a716-446655400480
Yeo Valley Natural Yogurt 500g,2.49,19,Cheese • Dairy,https://images.sumup.com/img_yeo_valley_natural_y_500,550e8400-e29b-41d4-a716-446655400481
Danone Activia Yogurt 125g,0.69,48,Cheese • Dairy,https://images.sumup.com/img_danone_activia_yogur_125,550e8400-e29b-41d4-a716-446655400482
Jameson Irish Whiskey 700g,24.99,0,Spirits,https://images.sumup.com/img_jameson_irish_whiske_700,550e8400-e29b-41d4-a716-446655400483
Walkers Ready Salted 65g,1.09,40,Crisps • Snacks,https://images.sumup.com/img_walkers_ready_salted_65,550e8400-e29b-41d4-a716-446655400484
Danone Activia Yogurt 125g,0.69,24,Cheese • Dairy,https://images.sumup.com/img_danone_activia_yogur_125,550e8400-e29b-41d4-a716-446655400485
Jack Daniels Tennessee Whiskey 700g,25.99,26,Spirits,https://images.sumup.com/img_jack_daniels_tenness_700,550e8400-e29b-41d4-a716-446655400486
Heinz Mayonnaise 400g,2.79,20,Condiments • Sauces,https://images.sumup.com/img_heinz_mayonnaise_400,550e8400-e29b-41d4-a716-446655400487
Kellogg's Special K 500g,3.99,47,Breakfast Cereals,https://images.sumup.com/img_kelloggs_special_k_500,550e8400-e29b-41d4-a716-446655400488
Barefoot Pinot Grigio 750g,7.99,38,Wines,https://images.sumup.com/img_barefoot_pinot_grigi_750,550e8400-e29b-41d4-a716-446655400489
Warburtons Teacakes 6g,1.09,15,Bakery • Bread,https://images.sumup.com/img_warburtons_teacakes_6,550e8400-e29b-41d4-a716-446655400490
Andrex Gentle Clean Toilet Tissue 9ml,5.99,48,Household,https://images.sumup.com/img_andrex_gentle_clean__9,550e8400-e29b-41d4-a716-446655400491
Fox's Golden Crunch 200g,1.49,3,Biscuits • Cookies,https://images.sumup.com/img_foxs_golden_crunch_200,550e8400-e29b-41d4-a716-446655400492
McCoy's Salt & Malt Vinegar 85g,1.49,49,Crisps • Snacks,https://images.sumup.com/img_mccoys_salt_&_malt_v_85,550e8400-e29b-41d4-a716-446655400493
Persil Washing Powder 650g,4.29,41,Household,https://images.sumup.com/img_persil_washing_powde_650,550e8400-e29b-41d4-a716-446655400494
Schwartz Ground Cinnamon 28g,1.99,45,Spices • Seasonings,https://images.sumup.com/img_schwartz_ground_cinn_28,550e8400-e29b-41d4-a716-446655400495
Bells Original Whisky 700g,18.99,34,Spirits,https://images.sumup.com/img_bells_original_whisk_700,550e8400-e29b-41d4-a716-446655400496
Schwartz Paprika 30g,1.99,6,Spices • Seasonings,https://images.sumup.com/img_schwartz_paprika_30,550e8400-e29b-41d4-a716-446655400497
Rockstar Energy 500g,1.69,34,Energy Drinks,https://images.sumup.com/img_rockstar_energy_500,550e8400-e29b-41d4-a716-446655400498
Haldiram's Bhujia 200g,2.79,18,Indian Snacks,https://images.sumup.com/img_haldirams_bhujia_200,550e8400-e29b-41d4-a716-446655400499
McCoy's Salt & Malt Vinegar 85g,1.49,21,Crisps • Snacks,https://images.sumup.com/img_mccoys_salt_&_malt_v_85,550e8400-e29b-41d4-a716-446655400500
Sharwood's Curry Paste 227g,2.49,46,Cooking Ingredients,https://images.sumup.com/img_sharwoods_curry_past_227,550e8400-e29b-41d4-a716-446655400501
Nutella Hazelnut Spread 350g,3.49,31,Spreads • Jams,https://images.sumup.com/img_nutella_hazelnut_spr_350,550e8400-e29b-41d4-a716-446655400502
Heinz Mayonnaise 400g,2.79,37,Condiments • Sauces,https://images.sumup.com/img_heinz_mayonnaise_400,550e8400-e29b-41d4-a716-446655400503
Relentless Origin 500g,1.79,37,Energy Drinks,https://images.sumup.com/img_relentless_origin_500,550e8400-e29b-41d4-a716-446655400504
Kettle Chips Mature Cheddar 150g,2.19,34,Crisps • Snacks,https://images.sumup.com/img_kettle_chips_mature__150,550e8400-e29b-41d4-a716-446655400505
TRS Red Lentils 2kg,6.99,47,Rice • Grains,https://images.sumup.com/img_trs_red_lentils_2000,550e8400-e29b-41d4-a716-446655400506
Lurpak Spreadable 500g,7.29,25,Butter • Spreads,https://images.sumup.com/img_lurpak_spreadable_500,550e8400-e29b-41d4-a716-446655400507
Persil Washing Powder 650g,4.29,30,Household,https://images.sumup.com/img_persil_washing_powde_650,550e8400-e29b-41d4-a716-446655400508
Kingsmill Soft White Bread 800g,1.19,1,Bakery • Bread,https://images.sumup.com/img_kingsmill_soft_white_800,550e8400-e29b-41d4-a716-446655400509
Kinder Bueno 86g,1.79,46,Chocolate • Sweets • Treats,https://images.sumup.com/img_kinder_bueno_86,550e8400-e29b-41d4-a716-446655400510
Warburtons Teacakes 6g,1.09,49,Bakery • Bread,https://images.sumup.com/img_warburtons_teacakes_6,550e8400-e29b-41d4-a716-446655400511
Lurpak Spreadable 500g,7.29,7,Butter • Spreads,https://images.sumup.com/img_lurpak_spreadable_500,550e8400-e29b-41d4-a716-446655400512
Red Bull Sugar Free 355g,2.29,42,Energy Drinks,https://images.sumup.com/img_red_bull_sugar_free_355,550e8400-e29b-41d4-a716-446655400513
Lurpak Butter 250g,3.79,14,Butter • Spreads,https://images.sumup.com/img_lurpak_butter_250,550e8400-e29b-41d4-a716-446655400514
Muller Corner Vanilla 135g,0.75,31,Cheese • Dairy,https://images.sumup.com/img_muller_corner_vanill_135,550e8400-e29b-41d4-a716-446655400515
Sharwood's Curry Paste 227g,2.49,3,Cooking Ingredients,https://images.sumup.com/img_sharwoods_curry_past_227,550e8400-e29b-41d4-a716-446655400516
Pringles Sour Cream 200g,2.79,28,Crisps • Snacks,https://images.sumup.com/img_pringles_sour_cream_200,550e8400-e29b-41d4-a716-446655400517
Walkers Ready Salted 150g,2.49,7,Crisps • Snacks,https://images.sumup.com/img_walkers_ready_salted_150,550e8400-e29b-41d4-a716-446655400518
Pringles Original 200g,2.79,33,Crisps • Snacks,https://images.sumup.com/img_pringles_original_200,550e8400-e29b-41d4-a716-446655400519
Bells Original Whisky 700g,18.99,29,Spirits,https://images.sumup.com/img_bells_original_whisk_700,550e8400-e29b-41d4-a716-446655400520
Warburtons Crumpets 8g,1.29,13,Bakery • Bread,https://images.sumup.com/img_warburtons_crumpets_8,550e8400-e29b-41d4-a716-446655400521
Plenty Kitchen Roll 4g,5.99,49,Household,https://images.sumup.com/img_plenty_kitchen_roll_4,550e8400-e29b-41d4-a716-446655400522
TRS Chana Dal 2kg,6.99,13,Rice • Grains,https://images.sumup.com/img_trs_chana_dal_2000,550e8400-e29b-41d4-a716-446655400523
Schwartz Paprika 30g,1.99,14,Spices • Seasonings,https://images.sumup.com/img_schwartz_paprika_30,550e8400-e29b-41d4-a716-446655400524
Ajmi Pappadums 200g,2.39,5,Indian Snacks,https://images.sumup.com/img_ajmi_pappadums_200,550e8400-e29b-41d4-a716-446655400525
Captain Morgan Spiced Gold Rum 350g,11.99,37,Spirits,https://images.sumup.com/img_captain_morgan_spice_350,550e8400-e29b-41d4-a716-446655400526
Baileys Original Irish Cream 350g,9.99,41,Liqueurs,https://images.sumup.com/img_baileys_original_iri_350,550e8400-e29b-41d4-a716-446655400527
Kenco Smooth 200g,9.99,28,Coffee • Tea,https://images.sumup.com/img_kenco_smooth_200,550e8400-e29b-41d4-a716-446655400528
Desperados Tequila Beer 650g,3.49,0,Beers,https://images.sumup.com/img_desperados_tequila_b_650,550e8400-e29b-41d4-a716-446655400529
Marmite Original 250g,3.49,0,Spreads • Jams,https://images.sumup.com/img_marmite_original_250,550e8400-e29b-41d4-a716-446655400530
Twinings English Breakfast 80g,3.49,33,Coffee • Tea,https://images.sumup.com/img_twinings_english_bre_80,550e8400-e29b-41d4-a716-446655400531
Lucozade Sport Orange 500g,1.49,22,Energy Drinks,https://images.sumup.com/img_lucozade_sport_orang_500,550e8400-e29b-41d4-a716-446655400532
PG Tips Tea Bags 160g,4.99,40,Coffee • Tea,https://images.sumup.com/img_pg_tips_tea_bags_160,550e8400-e29b-41d4-a716-446655400533
Laila Basmati Rice 2kg,5.99,15,Rice • Grains,https://images.sumup.com/img_laila_basmati_rice_2000,550e8400-e29b-41d4-a716-446655400534
Yeo Valley Natural Yogurt 500g,2.49,3,Cheese • Dairy,https://images.sumup.com/img_yeo_valley_natural_y_500,550e8400-e29b-41d4-a716-446655400535
Evian Natural Mineral Water 750g,1.19,50,Soft Drinks • Water • Shakes,https://images.sumup.com/img_evian_natural_minera_750,550e8400-e29b-41d4-a716-446655400536
19 Crimes Chardonnay White Wine 750g,11.29,36,Wines,https://images.sumup.com/img_19_crimes_chardonnay_750,550e8400-e29b-41d4-a716-446655400537
Kenco Smooth 200g,9.99,42,Coffee • Tea,https://images.sumup.com/img_kenco_smooth_200,550e8400-e29b-41d4-a716-446655400538
Ajmi Pappadums 200g,2.39,4,Indian Snacks,https://images.sumup.com/img_ajmi_pappadums_200,550e8400-e29b-41d4-a716-446655400539
MDH Garam Masala 100g,2.89,32,Spices • Seasonings,https://images.sumup.com/img_mdh_garam_masala_100,550e8400-e29b-41d4-a716-446655400540
French's American Mustard 226g,1.79,39,Condiments • Sauces,https://images.sumup.com/img_frenchs_american_mus_226,550e8400-e29b-41d4-a716-446655400541
McVitie's Hobnobs 300g,1.49,38,Biscuits • Cookies,https://images.sumup.com/img_mcvities_hobnobs_300,550e8400-e29b-41d4-a716-446655400542
Kellogg's Special K 550g,4.99,39,Breakfast Cereals,https://images.sumup.com/img_kelloggs_special_k_550,550e8400-e29b-41d4-a716-446655400543
Kettle Chips Mature Cheddar 150g,2.19,47,Crisps • Snacks,https://images.sumup.com/img_kettle_chips_mature__150,550e8400-e29b-41d4-a716-446655400544
Tyrrells Sea Salt 150g,2.49,48,Crisps • Snacks,https://images.sumup.com/img_tyrrells_sea_salt_150,550e8400-e29b-41d4-a716-446655400545
HP Brown Sauce 425g,3.19,28,Condiments • Sauces,https://images.sumup.com/img_hp_brown_sauce_425,550e8400-e29b-41d4-a716-446655400546
McCoy's Salt & Malt Vinegar 85g,1.49,46,Crisps • Snacks,https://images.sumup.com/img_mccoys_salt_&_malt_v_85,550e8400-e29b-41d4-a716-446655400547
Tyrrells Sea Salt 150g,2.49,35,Crisps • Snacks,https://images.sumup.com/img_tyrrells_sea_salt_150,550e8400-e29b-41d4-a716-446655400548
Lambrini Original 750g,3.99,29,Wines,https://images.sumup.com/img_lambrini_original_750,550e8400-e29b-41d4-a716-446655400549
Kahlua Coffee Liqueur 700g,16.99,38,Liqueurs,https://images.sumup.com/img_kahlua_coffee_liqueu_700,550e8400-e29b-41d4-a716-446655400550
Heineken Lager 650g,2.89,48,Beers,https://images.sumup.com/img_heineken_lager_650,550e8400-e29b-41d4-a716-446655400551
Rajah Curry Powder 100g,2.19,39,Spices • Seasonings,https://images.sumup.com/img_rajah_curry_powder_100,550e8400-e29b-41d4-a716-446655400552
Uncle Ben's Basmati Rice 500ml,2.49,20,Cooking Ingredients,https://images.sumup.com/img_uncle_bens_basmati_r_500,550e8400-e29b-41d4-a716-446655400553
Oreo Original 330g,2.79,35,Biscuits • Cookies,https://images.sumup.com/img_oreo_original_330,550e8400-e29b-41d4-a716-446655400554
Cadbury Dairy Milk 180g,3.49,42,Chocolate • Sweets • Treats,https://images.sumup.com/img_cadbury_dairy_milk_180,550e8400-e29b-41d4-a716-446655400555
Heinz Tomato Ketchup 460g,2.49,49,Condiments • Sauces,https://images.sumup.com/img_heinz_tomato_ketchup_460,550e8400-e29b-41d4-a716-446655400556
Jack Daniels Tennessee Whiskey 700g,25.99,38,Spirits,https://images.sumup.com/img_jack_daniels_tenness_700,550e8400-e29b-41d4-a716-446655400557
Anchor Butter 250g,3.49,25,Butter • Spreads,https://images.sumup.com/img_anchor_butter_250,550e8400-e29b-41d4-a716-446655400558
Sharwood's Curry Paste 227g,2.49,17,Cooking Ingredients,https://images.sumup.com/img_sharwoods_curry_past_227,550e8400-e29b-41d4-a716-446655400559
Kellogg's Coco Pops 720g,4.99,48,Breakfast Cereals,https://images.sumup.com/img_kelloggs_coco_pops_720,550e8400-e29b-41d4-a716-446655400560
Bonne Maman Strawberry Jam 370g,2.49,3,Spreads • Jams,https://images.sumup.com/img_bonne_maman_strawber_370,550e8400-e29b-41d4-a716-446655400561
I Can't Believe It's Not Butter 500g,2.79,18,Butter • Spreads,https://images.sumup.com/img_i_cant_believe_its_n_500,550e8400-e29b-41d4-a716-446655400562
San Miguel Lager 330g,1.89,43,Beers,https://images.sumup.com/img_san_miguel_lager_330,550e8400-e29b-41d4-a716-446655400563
Yellowtail Shiraz 750g,8.99,19,Wines,https://images.sumup.com/img_yellowtail_shiraz_750,550e8400-e29b-41d4-a716-446655400564
Kit Kat 4 Finger 41.5g,0.69,26,Chocolate • Sweets • Treats,https://images.sumup.com/img_kit_kat_4_finger_41.5,550e8400-e29b-41d4-a716-446655400565
Desperados Tequila Beer 330g,1.99,3,Beers,https://images.sumup.com/img_desperados_tequila_b_330,550e8400-e29b-41d4-a716-446655400566
Philadelphia Soft Cheese 280g,3.29,39,Cheese • Dairy,https://images.sumup.com/img_philadelphia_soft_ch_280,550e8400-e29b-41d4-a716-446655400567
McVitie's Chocolate Digestives 433g,2.79,33,Biscuits • Cookies,https://images.sumup.com/img_mcvities_chocolate_d_433,550e8400-e29b-41d4-a716-446655400568
Yellowtail Shiraz 750g,8.99,3,Wines,https://images.sumup.com/img_yellowtail_shiraz_750,550e8400-e29b-41d4-a716-446655400569
Doritos Cool Original 180g,2.49,44,Crisps • Snacks,https://images.sumup.com/img_doritos_cool_origina_180,550e8400-e29b-41d4-a716-446655400570
Pringles Sour Cream 200g,2.79,9,Crisps • Snacks,https://images.sumup.com/img_pringles_sour_cream_200,550e8400-e29b-41d4-a716-446655400571
Maryland Cookies 200g,1.79,45,Biscuits • Cookies,https://images.sumup.com/img_maryland_cookies_200,550e8400-e29b-41d4-a716-446655400572
Bells Original Whisky 700g,18.99,30,Spirits,https://images.sumup.com/img_bells_original_whisk_700,550e8400-e29b-41d4-a716-446655400573
Natco Coconut Milk 400g,1.39,46,Cooking Ingredients,https://images.sumup.com/img_natco_coconut_milk_400,550e8400-e29b-41d4-a716-446655400574
Haldiram's Aloo Bhujia 200g,2.79,39,Indian Snacks,https://images.sumup.com/img_haldirams_aloo_bhuji_200,550e8400-e29b-41d4-a716-446655400575
I Can't Believe It's Not Butter 500g,2.79,24,Butter • Spreads,https://images.sumup.com/img_i_cant_believe_its_n_500,550e8400-e29b-41d4-a716-446655400576
Kettle Chips Mature Cheddar 150g,2.19,45,Crisps • Snacks,https://images.sumup.com/img_kettle_chips_mature__150,550e8400-e29b-41d4-a716-446655400577
Malibu Caribbean Rum 700g,15.99,38,Liqueurs,https://images.sumup.com/img_malibu_caribbean_rum_700,550e8400-e29b-41d4-a716-446655400578
Walkers Cheese & Onion 65g,1.09,30,Crisps • Snacks,https://images.sumup.com/img_walkers_cheese_&_oni_65,550e8400-e29b-41d4-a716-446655400579
Kenco Smooth 100g,5.99,25,Coffee • Tea,https://images.sumup.com/img_kenco_smooth_100,550e8400-e29b-41d4-a716-446655400580
Jagermeister 700g,21.99,12,Liqueurs,https://images.sumup.com/img_jagermeister_700,550e8400-e29b-41d4-a716-446655400581
7UP Lemon & Lime 500g,1.19,50,Soft Drinks • Water • Shakes,https://images.sumup.com/img_7up_lemon_&_lime_500,550e8400-e29b-41d4-a716-446655400582
Kellogg's Special K 550g,4.99,5,Breakfast Cereals,https://images.sumup.com/img_kelloggs_special_k_550,550e8400-e29b-41d4-a716-446655400583
Haldiram's Aloo Bhujia 200g,2.79,30,Indian Snacks,https://images.sumup.com/img_haldirams_aloo_bhuji_200,550e8400-e29b-41d4-a716-446655400584
McVitie's Chocolate Digestives 433g,2.79,9,Biscuits • Cookies,https://images.sumup.com/img_mcvities_chocolate_d_433,550e8400-e29b-41d4-a716-446655400585
19 Crimes Red Blend 750g,11.29,4,Wines,https://images.sumup.com/img_19_crimes_red_blend_750,550e8400-e29b-41d4-a716-446655400586
Rockstar Energy 500g,1.69,13,Energy Drinks,https://images.sumup.com/img_rockstar_energy_500,550e8400-e29b-41d4-a716-446655400587
Andrex Gentle Clean Toilet Tissue 9ml,5.99,14,Household,https://images.sumup.com/img_andrex_gentle_clean__9,550e8400-e29b-41d4-a716-446655400588
Relentless Origin 500g,1.79,36,Energy Drinks,https://images.sumup.com/img_relentless_origin_500,550e8400-e29b-41d4-a716-446655400589
Hellmann's Real Mayonnaise 600g,4.49,11,Condiments • Sauces,https://images.sumup.com/img_hellmanns_real_mayon_600,550e8400-e29b-41d4-a716-446655400590
Lucozade Sport Orange 500g,1.49,35,Energy Drinks,https://images.sumup.com/img_lucozade_sport_orang_500,550e8400-e29b-41d4-a716-446655400591
Cadbury Dairy Milk 110g,1.99,7,Chocolate • Sweets • Treats,https://images.sumup.com/img_cadbury_dairy_milk_110,550e8400-e29b-41d4-a716-446655400592
Comfort Fabric Conditioner 1260ml,4.99,21,Household,https://images.sumup.com/img_comfort_fabric_condi_1260,550e8400-e29b-41d4-a716-446655400593
Cathedral City Mature Cheddar 550g,7.49,14,Cheese • Dairy,https://images.sumup.com/img_cathedral_city_matur_550,550e8400-e29b-41d4-a716-446655400594
Bonne Maman Strawberry Jam 370g,2.49,16,Spreads • Jams,https://images.sumup.com/img_bonne_maman_strawber_370,550e8400-e29b-41d4-a716-446655400595
Walkers Ready Salted 65g,1.09,44,Crisps • Snacks,https://images.sumup.com/img_walkers_ready_salted_65,550e8400-e29b-41d4-a716-446655400596
Skittles Original 125g,1.99,38,Chocolate • Sweets • Treats,https://images.sumup.com/img_skittles_original_125,550e8400-e29b-41d4-a716-446655400597
Haldiram's Bhujia 200g,2.79,32,Indian Snacks,https://images.sumup.com/img_haldirams_bhujia_200,550e8400-e29b-41d4-a716-446655400598
Bikaji Aloo Bhujia 400g,3.99,19,Indian Snacks,https://images.sumup.com/img_bikaji_aloo_bhujia_400,550e8400-e29b-41d4-a716-446655400599
Budweiser Lager 660g,2.79,24,Beers,https://images.sumup.com/img_budweiser_lager_660,550e8400-e29b-41d4-a716-446655400600
Hartley's Best Raspberry Jam 340g,1.99,37,Spreads • Jams,https://images.sumup.com/img_hartleys_best_raspbe_340,550e8400-e29b-41d4-a716-446655400601
Haldiram's Aloo Bhujia 200g,2.79,43,Indian Snacks,https://images.sumup.com/img_haldirams_aloo_bhuji_200,550e8400-e29b-41d4-a716-446655400602
Red Bull Energy Drink 355g,2.29,42,Energy Drinks,https://images.sumup.com/img_red_bull_energy_drin_355,550e8400-e29b-41d4-a716-446655400603
Nestle Cheerios 600g,4.49,46,Breakfast Cereals,https://images.sumup.com/img_nestle_cheerios_600,550e8400-e29b-41d4-a716-446655400604
Comfort Fabric Conditioner 1260ml,4.99,38,Household,https://images.sumup.com/img_comfort_fabric_condi_1260,550e8400-e29b-41d4-a716-446655400605
Heinz Mayonnaise 400g,2.79,35,Condiments • Sauces,https://images.sumup.com/img_heinz_mayonnaise_400,550e8400-e29b-41d4-a716-446655400606
Lambrini Original 750g,3.99,49,Wines,https://images.sumup.com/img_lambrini_original_750,550e8400-e29b-41d4-a716-446655400607
Hovis Wholemeal Bread 800g,1.39,34,Bakery • Bread,https://images.sumup.com/img_hovis_wholemeal_brea_800,550e8400-e29b-41d4-a716-446655400608
Monster Energy Ultra 500g,1.89,20,Energy Drinks,https://images.sumup.com/img_monster_energy_ultra_500,550e8400-e29b-41d4-a716-446655400609
Comfort Fabric Conditioner 630g,2.99,29,Household,https://images.sumup.com/img_comfort_fabric_condi_630,550e8400-e29b-41d4-a716-446655400610
Kellogg's Coco Pops 720g,4.99,48,Breakfast Cereals,https://images.sumup.com/img_kelloggs_coco_pops_720,550e8400-e29b-41d4-a716-446655400611
Uncle Ben's Basmati Rice 1000ml,4.49,19,Cooking Ingredients,https://images.sumup.com/img_uncle_bens_basmati_r_1000,550e8400-e29b-41d4-a716-446655400612
Lurpak Spreadable 250g,3.99,24,Butter • Spreads,https://images.sumup.com/img_lurpak_spreadable_250,550e8400-e29b-41d4-a716-446655400613
Tetley Tea Bags 80g,2.79,19,Coffee • Tea,https://images.sumup.com/img_tetley_tea_bags_80,550e8400-e29b-41d4-a716-446655400614
I Can't Believe It's Not Butter 500g,2.79,9,Butter • Spreads,https://images.sumup.com/img_i_cant_believe_its_n_500,550e8400-e29b-41d4-a716-446655400615
Tilda Pure Basmati Rice 1kg,4.99,27,Cooking Ingredients,https://images.sumup.com/img_tilda_pure_basmati_r_1000,550e8400-e29b-41d4-a716-446655400616
Haldiram's Aloo Bhujia 200g,2.79,34,Indian Snacks,https://images.sumup.com/img_haldirams_aloo_bhuji_200,550e8400-e29b-41d4-a716-446655400617
Smirnoff Vodka 700g,18.99,19,Spirits,https://images.sumup.com/img_smirnoff_vodka_700,550e8400-e29b-41d4-a716-446655400618
Warburtons Medium Sliced Bread 800g,1.29,2,Bakery • Bread,https://images.sumup.com/img_warburtons_medium_sl_800,550e8400-e29b-41d4-a716-446655400619
Hartley's Best Raspberry Jam 340g,1.99,26,Spreads • Jams,https://images.sumup.com/img_hartleys_best_raspbe_340,550e8400-e29b-41d4-a716-446655400620
Warburtons Crumpets 8g,1.29,22,Bakery • Bread,https://images.sumup.com/img_warburtons_crumpets_8,550e8400-e29b-41d4-a716-446655400621
Anchor Butter 500g,6.49,43,Butter • Spreads,https://images.sumup.com/img_anchor_butter_500,550e8400-e29b-41d4-a716-446655400622
Danone Activia Yogurt 125g,0.69,19,Cheese • Dairy,https://images.sumup.com/img_danone_activia_yogur_125,550e8400-e29b-41d4-a716-446655400623
Dr Pepper 330g,1.09,48,Soft Drinks • Water • Shakes,https://images.sumup.com/img_dr_pepper_330,550e8400-e29b-41d4-a716-446655400624
Kellogg's Special K 550g,4.99,18,Breakfast Cereals,https://images.sumup.com/img_kelloggs_special_k_550,550e8400-e29b-41d4-a716-446655400625
Guinness Draught 440g,2.19,24,Beers,https://images.sumup.com/img_guinness_draught_440,550e8400-e29b-41d4-a716-446655400626
Dr Pepper 500g,1.39,17,Soft Drinks • Water • Shakes,https://images.sumup.com/img_dr_pepper_500,550e8400-e29b-41d4-a716-446655400627
San Miguel Lager 660g,3.29,18,Beers,https://images.sumup.com/img_san_miguel_lager_660,550e8400-e29b-41d4-a716-446655400628
Kellogg's Coco Pops 720g,4.99,20,Breakfast Cereals,https://images.sumup.com/img_kelloggs_coco_pops_720,550e8400-e29b-41d4-a716-446655400629
Haldiram's Bhujia 400g,4.99,34,Indian Snacks,https://images.sumup.com/img_haldirams_bhujia_400,550e8400-e29b-41d4-a716-446655400630
Vimto Original 500g,1.19,2,Soft Drinks • Water • Shakes,https://images.sumup.com/img_vimto_original_500,550e8400-e29b-41d4-a716-446655400631
Dettol Antibacterial Surface Spray 500g,3.39,25,Household,https://images.sumup.com/img_dettol_antibacterial_500,550e8400-e29b-41d4-a716-446655400632
Tia Maria Coffee Liqueur 700g,15.99,15,Liqueurs,https://images.sumup.com/img_tia_maria_coffee_liq_700,550e8400-e29b-41d4-a716-446655400633
Peroni Nastro Azzurro 660g,3.49,42,Beers,https://images.sumup.com/img_peroni_nastro_azzurr_660,550e8400-e29b-41d4-a716-446655400634
McVitie's Chocolate Digestives 433g,2.79,2,Biscuits • Cookies,https://images.sumup.com/img_mcvities_chocolate_d_433,550e8400-e29b-41d4-a716-446655400635
Flash All Purpose Cleaner 500ml,2.99,3,Household,https://images.sumup.com/img_flash_all_purpose_cl_500,550e8400-e29b-41d4-a716-446655400636
Famous Grouse Scotch Whisky 700g,19.99,17,Spirits,https://images.sumup.com/img_famous_grouse_scotch_700,550e8400-e29b-41d4-a716-446655400637
Hardy's VR Shiraz 750g,6.99,41,Wines,https://images.sumup.com/img_hardys_vr_shiraz_750,550e8400-e29b-41d4-a716-446655400638
Muller Corner Strawberry 135g,0.75,6,Cheese • Dairy,https://images.sumup.com/img_muller_corner_strawb_135,550e8400-e29b-41d4-a716-446655400639
Muller Corner Strawberry 135g,0.75,49,Cheese • Dairy,https://images.sumup.com/img_muller_corner_strawb_135,550e8400-e29b-41d4-a716-446655400640
Celebrations 300g,4.99,23,Chocolate • Sweets • Treats,https://images.sumup.com/img_celebrations_300,550e8400-e29b-41d4-a716-446655400641
HP Brown Sauce 425g,3.19,29,Condiments • Sauces,https://images.sumup.com/img_hp_brown_sauce_425,550e8400-e29b-41d4-a716-446655400642
7UP Lemon & Lime 330g,0.89,42,Soft Drinks • Water • Shakes,https://images.sumup.com/img_7up_lemon_&_lime_330,550e8400-e29b-41d4-a716-446655400643
Kettle Chips Mature Cheddar 150g,2.19,11,Crisps • Snacks,https://images.sumup.com/img_kettle_chips_mature__150,550e8400-e29b-41d4-a716-446655400644
Guinness Draught 500g,2.59,4,Beers,https://images.sumup.com/img_guinness_draught_500,550e8400-e29b-41d4-a716-446655400645
Schwartz Paprika 30g,1.99,17,Spices • Seasonings,https://images.sumup.com/img_schwartz_paprika_30,550e8400-e29b-41d4-a716-446655400646
Fox's Golden Crunch 200g,1.49,41,Biscuits • Cookies,https://images.sumup.com/img_foxs_golden_crunch_200,550e8400-e29b-41d4-a716-446655400647
Persil Washing Powder 650g,4.29,25,Household,https://images.sumup.com/img_persil_washing_powde_650,550e8400-e29b-41d4-a716-446655400648
Pringles Original 165g,2.29,12,Crisps • Snacks,https://images.sumup.com/img_pringles_original_165,550e8400-e29b-41d4-a716-446655400649
Lucozade Sport Orange 500g,1.49,42,Energy Drinks,https://images.sumup.com/img_lucozade_sport_orang_500,550e8400-e29b-41d4-a716-446655400650
Peanut Butter Smooth 340g,2.29,33,Spreads • Jams,https://images.sumup.com/img_peanut_butter_smooth_340,550e8400-e29b-41d4-a716-446655400651
Kenco Smooth 200g,9.99,49,Coffee • Tea,https://images.sumup.com/img_kenco_smooth_200,550e8400-e29b-41d4-a716-446655400652
Tia Maria Coffee Liqueur 700g,15.99,38,Liqueurs,https://images.sumup.com/img_tia_maria_coffee_liq_700,550e8400-e29b-41d4-a716-446655400653
Oreo Original 330g,2.79,20,Biscuits • Cookies,https://images.sumup.com/img_oreo_original_330,550e8400-e29b-41d4-a716-446655400654
Kellogg's Frosties 500g,3.49,7,Breakfast Cereals,https://images.sumup.com/img_kelloggs_frosties_500,550e8400-e29b-41d4-a716-446655400655
Carlsberg Pilsner 568g,2.49,39,Beers,https://images.sumup.com/img_carlsberg_pilsner_568,550e8400-e29b-41d4-a716-446655400656
Maryland Cookies 145g,1.29,28,Biscuits • Cookies,https://images.sumup.com/img_maryland_cookies_145,550e8400-e29b-41d4-a716-446655400657
Jaffa Cakes 300g,2.49,0,Biscuits • Cookies,https://images.sumup.com/img_jaffa_cakes_300,550e8400-e29b-41d4-a716-446655400658
Jaffa Cakes 300g,2.49,4,Biscuits • Cookies,https://images.sumup.com/img_jaffa_cakes_300,550e8400-e29b-41d4-a716-446655400659
San Miguel Lager 660g,3.29,33,Beers,https://images.sumup.com/img_san_miguel_lager_660,550e8400-e29b-41d4-a716-446655400660
Haldiram's Bhujia 400g,4.99,1,Indian Snacks,https://images.sumup.com/img_haldirams_bhujia_400,550e8400-e29b-41d4-a716-446655400661
Philadelphia Soft Cheese 180g,2.29,38,Cheese • Dairy,https://images.sumup.com/img_philadelphia_soft_ch_180,550e8400-e29b-41d4-a716-446655400662
Comfort Fabric Conditioner 630g,2.99,15,Household,https://images.sumup.com/img_comfort_fabric_condi_630,550e8400-e29b-41d4-a716-446655400663
Haldiram's Bhujia 400g,4.99,27,Indian Snacks,https://images.sumup.com/img_haldirams_bhujia_400,550e8400-e29b-41d4-a716-446655400664
Monster Energy Ultra 500g,1.89,27,Energy Drinks,https://images.sumup.com/img_monster_energy_ultra_500,550e8400-e29b-41d4-a716-446655400665
Celebrations 300g,4.99,21,Chocolate • Sweets • Treats,https://images.sumup.com/img_celebrations_300,550e8400-e29b-41d4-a716-446655400666
Cif Cream Cleaner 500ml,1.99,29,Household,https://images.sumup.com/img_cif_cream_cleaner_500,550e8400-e29b-41d4-a716-446655400667
19 Crimes Chardonnay White Wine 750g,11.29,24,Wines,https://images.sumup.com/img_19_crimes_chardonnay_750,550e8400-e29b-41d4-a716-446655400668
Rajah Curry Powder 100g,2.19,25,Spices • Seasonings,https://images.sumup.com/img_rajah_curry_powder_100,550e8400-e29b-41d4-a716-446655400669
Bikaji Aloo Bhujia 400g,3.99,13,Indian Snacks,https://images.sumup.com/img_bikaji_aloo_bhujia_400,550e8400-e29b-41d4-a716-446655400670
Kellogg's Special K 500g,3.99,35,Breakfast Cereals,https://images.sumup.com/img_kelloggs_special_k_500,550e8400-e29b-41d4-a716-446655400671
Captain Morgan Spiced Gold Rum 700g,16.99,7,Spirits,https://images.sumup.com/img_captain_morgan_spice_700,550e8400-e29b-41d4-a716-446655400672
Hellmann's Real Mayonnaise 600g,4.49,38,Condiments • Sauces,https://images.sumup.com/img_hellmanns_real_mayon_600,550e8400-e29b-41d4-a716-446655400673
Absolut Vodka 700g,19.99,36,Spirits,https://images.sumup.com/img_absolut_vodka_700,550e8400-e29b-41d4-a716-446655400674
I Can't Believe It's Not Butter 500g,2.79,45,Butter • Spreads,https://images.sumup.com/img_i_cant_believe_its_n_500,550e8400-e29b-41d4-a716-446655400675
Red Bull Energy Drink 250g,1.69,43,Energy Drinks,https://images.sumup.com/img_red_bull_energy_drin_250,550e8400-e29b-41d4-a716-446655400676
Budweiser Lager 660g,2.79,39,Beers,https://images.sumup.com/img_budweiser_lager_660,550e8400-e29b-41d4-a716-446655400677
TRS Chana Dal 2kg,6.99,20,Rice • Grains,https://images.sumup.com/img_trs_chana_dal_2000,550e8400-e29b-41d4-a716-446655400678
Hartley's Best Raspberry Jam 340g,1.99,16,Spreads • Jams,https://images.sumup.com/img_hartleys_best_raspbe_340,550e8400-e29b-41d4-a716-446655400679
Kellogg's Corn Flakes 750g,4.49,35,Breakfast Cereals,https://images.sumup.com/img_kelloggs_corn_flakes_750,550e8400-e29b-41d4-a716-446655400680
Douwe Egberts Pure Gold 190g,9.49,10,Coffee • Tea,https://images.sumup.com/img_douwe_egberts_pure_g_190,550e8400-e29b-41d4-a716-446655400681
Echo Falls White Zinfandel 750g,6.49,23,Wines,https://images.sumup.com/img_echo_falls_white_zin_750,550e8400-e29b-41d4-a716-446655400682
Dettol Antibacterial Surface Spray 500g,3.39,10,Household,https://images.sumup.com/img_dettol_antibacterial_500,550e8400-e29b-41d4-a716-446655400683
Nestle Cheerios 375g,2.99,27,Breakfast Cereals,https://images.sumup.com/img_nestle_cheerios_375,550e8400-e29b-41d4-a716-446655400684
Old Speckled Hen 500g,2.29,34,Beers,https://images.sumup.com/img_old_speckled_hen_500,550e8400-e29b-41d4-a716-446655400685
Lurpak Spreadable 500g,7.29,33,Butter • Spreads,https://images.sumup.com/img_lurpak_spreadable_500,550e8400-e29b-41d4-a716-446655400686
Fairy Liquid Original 625g,2.99,50,Household,https://images.sumup.com/img_fairy_liquid_origina_625,550e8400-e29b-41d4-a716-446655400687
HP Brown Sauce 255g,2.19,3,Condiments • Sauces,https://images.sumup.com/img_hp_brown_sauce_255,550e8400-e29b-41d4-a716-446655400688
Lucozade Energy Original 380g,1.39,1,Energy Drinks,https://images.sumup.com/img_lucozade_energy_orig_380,550e8400-e29b-41d4-a716-446655400689
Roses 600g,9.99,33,Chocolate • Sweets • Treats,https://images.sumup.com/img_roses_600,550e8400-e29b-41d4-a716-446655400690
Stella Artois Lager 660g,2.99,33,Beers,https://images.sumup.com/img_stella_artois_lager_660,550e8400-e29b-41d4-a716-446655400691
19 Crimes Red Blend 750g,11.29,23,Wines,https://images.sumup.com/img_19_crimes_red_blend_750,550e8400-e29b-41d4-a716-446655400692
Baileys Original Irish Cream 350g,9.99,8,Liqueurs,https://images.sumup.com/img_baileys_original_iri_350,550e8400-e29b-41d4-a716-446655400693
Doritos Cool Original 180g,2.49,12,Crisps • Snacks,https://images.sumup.com/img_doritos_cool_origina_180,550e8400-e29b-41d4-a716-446655400694
Bonne Maman Strawberry Jam 370g,2.49,15,Spreads • Jams,https://images.sumup.com/img_bonne_maman_strawber_370,550e8400-e29b-41d4-a716-446655400695
Andrex Classic Clean Toilet Tissue 9ml,5.49,14,Household,https://images.sumup.com/img_andrex_classic_clean_9,550e8400-e29b-41d4-a716-446655400696
Hovis Wholemeal Bread 800g,1.39,33,Bakery • Bread,https://images.sumup.com/img_hovis_wholemeal_brea_800,550e8400-e29b-41d4-a716-446655400697
Peroni Nastro Azzurro 660g,3.49,2,Beers,https://images.sumup.com/img_peroni_nastro_azzurr_660,550e8400-e29b-41d4-a716-446655400698
San Pellegrino Sparkling 330g,1.29,14,Soft Drinks • Water • Shakes,https://images.sumup.com/img_san_pellegrino_spark_330,550e8400-e29b-41d4-a716-446655400699
Yeo Valley Natural Yogurt 500g,2.49,29,Cheese • Dairy,https://images.sumup.com/img_yeo_valley_natural_y_500,550e8400-e29b-41d4-a716-446655400700
Jammie Dodgers 140g,1.29,20,Biscuits • Cookies,https://images.sumup.com/img_jammie_dodgers_140,550e8400-e29b-41d4-a716-446655400701
Rajah Curry Powder 100g,2.19,5,Spices • Seasonings,https://images.sumup.com/img_rajah_curry_powder_100,550e8400-e29b-41d4-a716-446655400702
Doritos Cool Original 180g,2.49,44,Crisps • Snacks,https://images.sumup.com/img_doritos_cool_origina_180,550e8400-e29b-41d4-a716-446655400703
Doritos Tangy Cheese 150g,1.89,19,Crisps • Snacks,https://images.sumup.com/img_doritos_tangy_cheese_150,550e8400-e29b-41d4-a716-446655400704
Smirnoff Vodka 700g,18.99,30,Spirits,https://images.sumup.com/img_smirnoff_vodka_700,550e8400-e29b-41d4-a716-446655400705
Hardy's VR Shiraz 750g,6.99,5,Wines,https://images.sumup.com/img_hardys_vr_shiraz_750,550e8400-e29b-41d4-a716-446655400706
TRS Red Lentils 2kg,6.99,21,Rice • Grains,https://images.sumup.com/img_trs_red_lentils_2000,550e8400-e29b-41d4-a716-446655400707
Colman's English Mustard 100g,1.99,44,Condiments • Sauces,https://images.sumup.com/img_colmans_english_must_100,550e8400-e29b-41d4-a716-446655400708
Heinz Tomato Ketchup 910g,3.99,3,Condiments • Sauces,https://images.sumup.com/img_heinz_tomato_ketchup_910,550e8400-e29b-41d4-a716-446655400709
Warburtons Teacakes 6g,1.09,10,Bakery • Bread,https://images.sumup.com/img_warburtons_teacakes_6,550e8400-e29b-41d4-a716-446655400710
